"datetime","stream_height_ft","date"
2021-03-01 00:00:00,0,2021-03-01
2021-03-01 12:00:00,0,2021-03-01
2021-03-02 00:00:00,0,2021-03-02
2021-03-02 12:00:00,0,2021-03-02
2021-03-03 00:00:00,0,2021-03-03
2021-03-03 12:00:00,0,2021-03-03
2021-03-04 00:00:00,NA,2021-03-04
2021-03-04 12:00:00,NA,2021-03-04
2021-03-05 00:00:00,NA,2021-03-05
2021-03-05 12:00:00,NA,2021-03-05
2021-03-06 00:00:00,NA,2021-03-06
2021-03-06 12:00:00,NA,2021-03-06
2021-03-07 00:00:00,NA,2021-03-07
2021-03-07 12:00:00,NA,2021-03-07
2021-03-08 00:00:00,NA,2021-03-08
2021-03-08 12:00:00,NA,2021-03-08
2021-03-09 12:00:00,0,2021-03-09
2021-03-09 12:35:00,0.04,2021-03-09
2021-03-09 16:02:03,0.0387356409782357,2021-03-09
2021-03-09 16:37:58,0.050061698478524,2021-03-09
2021-03-09 17:01:52,0.054062746939936,2021-03-09
2021-03-09 17:24:15,0.0563994135953393,2021-03-09
2021-03-09 17:45:06,0.0564061378437127,2021-03-09
2021-03-09 19:57:41,0.056448884851229,2021-03-09
2021-03-09 23:59:59,0.0545091611474903,2021-03-09
2021-03-10 00:00:00,0.0545011230632149,2021-03-10
2021-03-10 07:54:09,0.0506898654040076,2021-03-10
2021-03-10 09:32:27,0.0490576639295001,2021-03-10
2021-03-10 10:43:57,0.0484151578943303,2021-03-10
2021-03-10 12:14:49,0.0481116761045894,2021-03-10
2021-03-10 23:59:59,0.040686633544066,2021-03-10
2021-03-11 00:00:00,0.0406760893544934,2021-03-11
2021-03-11 01:00:25,0.0400390445678162,2021-03-11
2021-03-11 02:08:57,0.0400611385267572,2021-03-11
2021-03-11 02:34:17,0.041400424887539,2021-03-11
2021-03-11 03:23:27,0.0417490552020726,2021-03-11
2021-03-11 23:59:59,0.0383889406780392,2021-03-11
2021-03-12 00:00:00,0.0383862211486604,2021-03-12
2021-03-12 08:33:48,0.0369889269538092,2021-03-12
2021-03-12 09:43:49,0.036678720915695,2021-03-12
2021-03-12 11:23:38,0.0363781209466853,2021-03-12
2021-03-12 13:03:26,0.0364103012781863,2021-03-12
2021-03-12 23:59:59,0.0354113768565441,2021-03-12
2021-03-13 00:00:00,0.0354098530993544,2021-03-13
2021-03-13 01:04:27,0.0353116469484801,2021-03-13
2021-03-13 02:12:59,0.0353337409074211,2021-03-13
2021-03-13 04:06:12,0.0353702439700194,2021-03-13
2021-03-13 07:12:25,0.0354302819019244,2021-03-13
2021-03-13 17:18:56,0.0486041971281232,2021-03-13
2021-03-13 18:03:37,0.0482858259312697,2021-03-13
2021-03-13 19:28:32,0.0483132032282184,2021-03-13
2021-03-13 20:23:39,0.0479981941555517,2021-03-13
2021-03-13 22:22:48,0.0470382775304389,2021-03-13
2021-03-13 23:59:59,0.0463371171477529,2021-03-13
2021-03-14 00:00:00,0.0463298285782863,2021-03-14
2021-03-14 10:46:06,0.0416206838459224,2021-03-14
2021-03-14 16:27:14,0.0413978930366618,2021-03-14
2021-03-14 23:59:59,0.0399006332746691,2021-03-14
2021-03-15 00:00:00,0.0398973190421848,2021-03-15
2021-03-15 03:07:47,0.0392749614188404,2021-03-15
2021-03-15 04:04:24,0.038960432649629,2021-03-15
2021-03-15 05:44:11,0.036995931178066,2021-03-15
2021-03-15 07:40:22,0.0363678342465535,2021-03-15
2021-03-15 17:54:08,0.0365657192701126,2021-03-15
2021-03-15 20:24:35,0.0359486693180704,2021-03-15
2021-03-15 21:46:31,0.0356423057075979,2021-03-15
2021-03-15 23:33:47,0.0356768875563752,2021-03-15
2021-03-15 23:59:59,0.0355723537371128,2021-03-15
2021-03-16 00:00:00,0.0355682083113655,2021-03-16
2021-03-16 00:48:16,0.0353681224286266,2021-03-16
2021-03-16 01:59:46,0.0353911769944782,2021-03-16
2021-03-16 11:33:16,0.0325810711201497,2021-03-16
2021-03-16 12:13:29,0.0325940393134412,2021-03-16
2021-03-16 12:56:39,0.0299457257095578,2021-03-16
2021-03-16 13:35:23,0.029958213599394,2021-03-16
2021-03-16 15:45:00,0.03,2021-03-16
2021-03-16 15:45:00,0.03,2021-03-16
2021-03-16 23:59:59,0.0311007287512488,2021-03-16
2021-03-17 00:00:00,0.0311029569471015,2021-03-17
2021-03-17 07:12:26,0.0320665031070172,2021-03-17
2021-03-17 11:18:24,0.0366145423718966,2021-03-17
2021-03-17 13:05:05,0.0388522496494208,2021-03-17
2021-03-17 14:31:03,0.0450437940204776,2021-03-17
2021-03-17 15:45:08,0.0462088633836777,2021-03-17
2021-03-17 21:46:38,0.04701433743817,2021-03-17
2021-03-17 23:59:59,0.0459239702981011,2021-03-17
2021-03-18 00:00:00,0.0459157328228551,2021-03-18
2021-03-18 04:08:50,0.0438659743991296,2021-03-18
2021-03-18 11:24:23,0.0408364517943586,2021-03-18
2021-03-18 12:23:40,0.0429685231303099,2021-03-18
2021-03-18 13:57:01,0.0456765269015131,2021-03-18
2021-03-18 14:32:35,0.0482557868689243,2021-03-18
2021-03-18 15:17:02,0.0493548337686415,2021-03-18
2021-03-18 17:51:07,0.0491981439765066,2021-03-18
2021-03-18 20:13:21,0.0495150518012249,2021-03-18
2021-03-18 22:41:30,0.0488451509141471,2021-03-18
2021-03-18 23:59:59,0.0482428306867129,2021-03-18
2021-03-19 00:00:00,0.0482350588128106,2021-03-19
2021-03-19 02:01:30,0.0472907761336718,2021-03-19
2021-03-19 05:06:41,0.0467034033259477,2021-03-19
2021-03-19 07:02:14,0.0454608711267922,2021-03-19
2021-03-19 08:41:29,0.0436820199704748,2021-03-19
2021-03-19 10:45:56,0.0439593143171033,2021-03-19
2021-03-19 11:43:43,0.0440880581208951,2021-03-19
2021-03-19 12:35:36,0.0487036568522074,2021-03-19
2021-03-19 13:31:55,0.0533291589530422,2021-03-19
2021-03-19 14:23:47,0.0564447378776156,2021-03-19
2021-03-19 15:17:08,0.0575635915163776,2021-03-19
2021-03-19 16:38:37,0.0582451598932022,2021-03-19
2021-03-19 18:53:26,0.0580455554998033,2021-03-19
2021-03-19 23:27:31,0.0566562368780354,2021-03-19
2021-03-19 23:59:59,0.0565670045077048,2021-03-19
2021-03-20 00:00:00,0.0565641702344281,2021-03-20
2021-03-20 04:23:49,0.0558164417061262,2021-03-20
2021-03-20 10:04:34,0.0555756868316876,2021-03-20
2021-03-20 11:31:58,0.0552704464967161,2021-03-20
2021-03-20 12:06:04,0.0583464119431996,2021-03-20
2021-03-20 12:44:36,0.0624322939636983,2021-03-20
2021-03-20 13:27:35,0.0640280463424876,2021-03-20
2021-03-20 14:59:27,0.0662327423882702,2021-03-20
2021-03-20 16:13:31,0.0663977985469777,2021-03-20
2021-03-20 18:57:58,0.0657642100148155,2021-03-20
2021-03-20 23:26:07,0.0653617001048437,2021-03-20
2021-03-20 23:59:59,0.0652895820310806,2021-03-20
2021-03-21 00:00:00,0.0652873888813463,2021-03-21
2021-03-21 05:05:23,0.0646176375049847,2021-03-21
2021-03-21 10:23:55,0.0648273723851803,2021-03-21
2021-03-21 11:51:20,0.0650221386524552,2021-03-21
2021-03-21 12:28:22,0.0651046667318088,2021-03-21
2021-03-21 15:21:43,0.0659909047454306,2021-03-21
2021-03-21 17:33:35,0.0687847377191617,2021-03-21
2021-03-21 18:53:35,0.069463004972812,2021-03-21
2021-03-21 19:57:19,0.0741050126895175,2021-03-21
2021-03-21 21:11:25,0.0767701018594567,2021-03-21
2021-03-21 23:59:59,0.0767366146397372,2021-03-21
2021-03-22 00:00:00,0.0767364148154524,2021-03-22
2021-03-22 00:37:21,0.076728951378417,2021-03-22
2021-03-22 04:32:53,0.0727537705428895,2021-03-22
2021-03-22 11:58:48,0.0677473293913521,2021-03-22
2021-03-22 16:22:29,0.0648348831006262,2021-03-22
2021-03-22 19:01:00,0.0631880768712748,2021-03-22
2021-03-22 22:32:51,0.0606600978716999,2021-03-22
2021-03-22 23:59:59,0.0597264866805439,2021-03-22
2021-03-23 00:00:00,0.0597156496382786,2021-03-23
2021-03-23 02:22:28,0.0581717323502149,2021-03-23
2021-03-23 05:38:01,0.0576074674047099,2021-03-23
2021-03-23 09:32:06,0.0566290250594863,2021-03-23
2021-03-23 13:35:04,0.0566704026578004,2021-03-23
2021-03-23 17:43:58,0.0577249979533037,2021-03-23
2021-03-23 21:36:35,0.0597432940983841,2021-03-23
2021-03-23 23:59:59,0.0615024030973599,2021-03-23
2021-03-24 00:00:00,0.061514754945217,2021-03-24
2021-03-24 00:04:45,0.061573426222538,2021-03-24
2021-03-24 01:17:22,0.0647352208715494,2021-03-24
2021-03-24 02:30:00,0.0733970881452705,2021-03-24
2021-03-24 03:24:51,0.0770192759184386,2021-03-24
2021-03-24 04:03:22,0.0776051117232127,2021-03-24
2021-03-24 06:01:55,0.0828692675996081,2021-03-24
2021-03-24 08:03:27,0.0906400587335836,2021-03-24
2021-03-24 09:07:11,0.0947820598480427,2021-03-24
2021-03-24 10:04:59,0.098410849867559,2021-03-24
2021-03-24 10:45:00,0.1,2021-03-24
2021-03-24 11:00:00,0.1,2021-03-24
2021-03-24 12:06:57,0.0999347254321333,2021-03-24
2021-03-24 13:07:57,0.100877251242282,2021-03-24
2021-03-24 14:14:55,0.103316972159927,2021-03-24
2021-03-24 15:50:10,0.105729132704472,2021-03-24
2021-03-24 18:11:31,0.106092329936079,2021-03-24
2021-03-24 21:16:00,0.105912462237957,2021-03-24
2021-03-24 23:59:59,0.105753550414384,2021-03-24
2021-03-25 00:00:00,0.105752575495221,2021-03-25
2021-03-25 06:39:54,0.105362705321926,2021-03-25
2021-03-25 08:55:18,0.10523070564024,2021-03-25
2021-03-25 09:32:30,0.107198438379834,2021-03-25
2021-03-25 10:24:35,0.106646670174391,2021-03-25
2021-03-25 10:39:28,0.108135162006172,2021-03-25
2021-03-25 11:52:23,0.109567082545802,2021-03-25
2021-03-25 11:55:24,0.116578168813329,2021-03-25
2021-03-25 12:05:50,0.121578005962684,2021-03-25
2021-03-25 12:26:42,0.126066690193268,2021-03-25
2021-03-25 12:56:28,0.127039677468421,2021-03-25
2021-03-25 13:15:48,0.12752181946814,2021-03-25
2021-03-25 13:42:36,0.130501704223607,2021-03-25
2021-03-25 14:15:20,0.130970791309752,2021-03-25
2021-03-25 14:48:05,0.132942875687204,2021-03-25
2021-03-25 15:16:22,0.134919311702514,2021-03-25
2021-03-25 16:09:56,0.135368091145324,2021-03-25
2021-03-25 17:25:49,0.136797110593048,2021-03-25
2021-03-25 18:46:10,0.136217782014506,2021-03-25
2021-03-25 20:40:44,0.136106089976157,2021-03-25
2021-03-25 22:33:48,0.13599584848376,2021-03-25
2021-03-25 23:59:59,0.136823414304465,2021-03-25
2021-03-26 00:00:00,0.136833127518323,2021-03-26
2021-03-26 00:07:33,0.136906462282951,2021-03-26
2021-03-26 02:45:16,0.136752704411976,2021-03-26
2021-03-26 04:38:20,0.136141463822477,2021-03-26
2021-03-26 06:53:44,0.136510463237894,2021-03-26
2021-03-26 07:20:31,0.137987350702054,2021-03-26
2021-03-26 09:12:07,0.138379558852712,2021-03-26
2021-03-26 10:22:02,0.137810384095838,2021-03-26
2021-03-26 11:33:28,0.140245753375625,2021-03-26
2021-03-26 12:16:38,0.142708683028512,2021-03-26
2021-03-26 13:20:37,0.144149306843857,2021-03-26
2021-03-26 16:22:09,0.145475337528948,2021-03-26
2021-03-26 16:37:02,0.146963829360729,2021-03-26
2021-03-26 17:08:18,0.150440361575441,2021-03-26
2021-03-26 19:20:43,0.15031126298566,2021-03-26
2021-03-26 21:40:35,0.150675910763219,2021-03-26
2021-03-26 23:59:59,0.150540966539259,2021-03-26
2021-03-27 00:00:00,0.150539991626142,2021-03-27
2021-03-27 03:13:52,0.150350988469838,2021-03-27
2021-03-27 03:36:08,0.143315242921117,2021-03-27
2021-03-27 04:07:23,0.143785780553215,2021-03-27
2021-03-27 04:26:43,0.142263926164525,2021-03-27
2021-03-27 04:56:29,0.141733916148371,2021-03-27
2021-03-27 05:41:07,0.142191398866895,2021-03-27
2021-03-27 05:55:59,0.140673896116062,2021-03-27
2021-03-27 06:37:39,0.14063328082939,2021-03-27
2021-03-27 07:08:53,0.140101820267283,2021-03-27
2021-03-27 07:34:10,0.136570167306373,2021-03-27
2021-03-27 09:00:27,0.136486035641123,2021-03-27
2021-03-27 10:47:35,0.136882595429639,2021-03-27
2021-03-27 11:45:37,0.136826024137487,2021-03-27
2021-03-27 12:04:58,0.138811163428513,2021-03-27
2021-03-27 12:46:38,0.14077454453025,2021-03-27
2021-03-27 13:50:39,0.146724160219516,2021-03-27
2021-03-27 14:51:41,0.15117367970938,2021-03-27
2021-03-27 15:31:53,0.155643506842581,2021-03-27
2021-03-27 16:10:35,0.158611787230428,2021-03-27
2021-03-27 16:43:21,0.163589866190494,2021-03-27
2021-03-27 16:56:46,0.170590798636352,2021-03-27
2021-03-27 17:07:07,0.157053669192922,2021-03-27
2021-03-27 17:20:27,0.149525627822814,2021-03-27
2021-03-27 17:33:50,0.14700757742373,2021-03-27
2021-03-27 19:46:15,0.147379477931051,2021-03-27
2021-03-27 21:52:43,0.147757180622184,2021-03-27
2021-03-27 23:59:59,0.147145326804732,2021-03-27
2021-03-28 00:00:00,0.147140481717092,2021-03-28
2021-03-28 00:02:10,0.147129984027206,2021-03-28
2021-03-28 02:38:23,0.146977676702184,2021-03-28
2021-03-28 04:18:04,0.145878491929156,2021-03-28
2021-03-28 06:14:07,0.144262352053547,2021-03-28
2021-03-28 06:51:18,0.143224090210527,2021-03-28
2021-03-28 08:38:26,0.144121649096145,2021-03-28
2021-03-28 10:04:44,0.143536518333793,2021-03-28
2021-03-28 11:25:04,0.143458188852353,2021-03-28
2021-03-28 12:03:46,0.145925470143097,2021-03-28
2021-03-28 12:45:26,0.145884854856424,2021-03-28
2021-03-28 13:34:33,0.1483419823255,2021-03-28
2021-03-28 14:17:42,0.150303912881284,2021-03-28
2021-03-28 14:54:54,0.151269647426674,2021-03-28
2021-03-28 15:58:54,0.152209272144918,2021-03-28
2021-03-28 17:29:39,0.151118790647605,2021-03-28
2021-03-28 18:17:15,0.151072373177122,2021-03-28
2021-03-28 19:12:18,0.149515705685569,2021-03-28
2021-03-28 19:48:01,0.149981891679809,2021-03-28
2021-03-28 20:56:27,0.148913168371786,2021-03-28
2021-03-28 22:15:18,0.147333292144991,2021-03-28
2021-03-28 23:17:47,0.147272369214983,2021-03-28
2021-03-28 23:59:59,0.146736497092128,2021-03-28
2021-03-29 00:00:00,0.146723495746649,2021-03-29
2021-03-29 00:41:06,0.146189140447433,2021-03-29
2021-03-29 01:45:04,0.145625767874369,2021-03-29
2021-03-29 02:34:10,0.144575901663729,2021-03-29
2021-03-29 04:24:16,0.144468561263237,2021-03-29
2021-03-29 06:27:46,0.144348165949172,2021-03-29
2021-03-29 08:01:29,0.14225278516575,2021-03-29
2021-03-29 09:39:41,0.141656050035777,2021-03-29
2021-03-29 10:48:07,0.141589324921958,2021-03-29
2021-03-29 11:34:16,0.144550352580041,2021-03-29
2021-03-29 12:57:39,0.154990103045844,2021-03-29
2021-03-29 14:24:00,0.163923955128435,2021-03-29
2021-03-29 15:13:07,0.167884079888818,2021-03-29
2021-03-29 16:11:10,0.17283749956769,2021-03-29
2021-03-29 17:28:34,0.175768065760769,2021-03-29
2021-03-29 19:06:46,0.177175327019205,2021-03-29
2021-03-29 21:11:45,0.178055479353392,2021-03-29
2021-03-29 22:35:04,0.177974248780047,2021-03-29
2021-03-29 23:59:59,0.178296169886432,2021-03-29
2021-03-30 00:00:00,0.178300005324554,2021-03-30
2021-03-30 00:19:13,0.178373709660468,2021-03-30
2021-03-30 02:09:20,0.178266369259976,2021-03-30
2021-03-30 02:34:35,0.173231719007759,2021-03-30
2021-03-30 03:07:18,0.170694811511291,2021-03-30
2021-03-30 03:48:58,0.170654196224618,2021-03-30
2021-03-30 05:06:20,0.170578767835084,2021-03-30
2021-03-30 06:13:17,0.170012494170115,2021-03-30
2021-03-30 07:09:50,0.170458372521019,2021-03-30
2021-03-30 07:39:36,0.172934357087478,2021-03-30
2021-03-30 09:14:49,0.172841522146513,2021-03-30
2021-03-30 11:57:00,0.172182413540578,2021-03-30
2021-03-30 13:53:03,0.171568271859173,2021-03-30
2021-03-30 15:00:00,0.17,2021-03-30
2021-03-30 15:00:00,0.17,2021-03-30
2021-03-30 16:35:10,0.170525960475157,2021-03-30
2021-03-30 18:54:57,0.168558605939847,2021-03-30
2021-03-30 19:23:12,0.166562004111969,2021-03-30
2021-03-30 21:01:20,0.163581725016436,2021-03-30
2021-03-30 23:43:24,0.156610192084652,2021-03-30
2021-03-30 23:59:59,0.156103218738337,2021-03-30
2021-03-31 00:00:00,0.156070720446907,2021-03-31
2021-03-31 01:30:27,0.153131249987026,2021-03-31
2021-03-31 04:18:28,0.146662279696344,2021-03-31
2021-03-31 06:26:21,0.142687794307832,2021-03-31
2021-03-31 07:54:05,0.141708796606988,2021-03-31
2021-03-31 09:54:33,0.141740383682961,2021-03-31
2021-03-31 11:46:04,0.140266622619033,2021-03-31
2021-03-31 12:33:41,0.142784115391356,2021-03-31
2021-03-31 13:25:44,0.143799769698886,2021-03-31
2021-03-31 13:56:59,0.146312972868299,2021-03-31
2021-03-31 14:34:10,0.147324727536819,2021-03-31
2021-03-31 15:15:49,0.148838654882541,2021-03-31
2021-03-31 16:18:17,0.149356036151878,2021-03-31
2021-03-31 17:19:15,0.149372024671815,2021-03-31
2021-03-31 18:57:25,0.149397762289275,2021-03-31
2021-03-31 20:47:27,0.146420602904949,2021-03-31
2021-03-31 22:04:46,0.144436869885801,2021-03-31
2021-03-31 23:57:46,0.14045848485828,2021-03-31
2021-03-31 23:59:59,0.140181445555532,2021-03-31
2021-04-01 00:00:00,0.139956819093845,2021-04-01
2021-04-01 00:11:08,0.137455977820395,2021-04-01
2021-04-01 00:15:35,0.134451130999105,2021-04-01
2021-04-01 01:07:37,0.131458763022644,2021-04-01
2021-04-01 02:33:51,0.127974361430405,2021-04-01
2021-04-01 02:59:08,0.12848199360222,2021-04-01
2021-04-01 03:40:47,0.129995920947941,2021-04-01
2021-04-01 05:07:02,0.128515530497698,2021-04-01
2021-04-01 06:22:53,0.128034415871145,2021-04-01
2021-04-01 07:07:29,0.125541100860678,2021-04-01
2021-04-01 07:16:24,0.124541435073086,2021-04-01
2021-04-01 07:20:50,0.121035585466298,2021-04-01
2021-04-01 07:28:16,0.119033524143807,2021-04-01
2021-04-01 08:20:19,0.119548175665837,2021-04-01
2021-04-01 10:05:54,0.119575863102802,2021-04-01
2021-04-01 11:11:21,0.120094024299941,2021-04-01
2021-04-01 11:44:04,0.120603606291259,2021-04-01
2021-04-01 11:54:30,0.124113355537057,2021-04-01
2021-04-01 12:21:16,0.12562338324377,2021-04-01
2021-04-01 12:37:38,0.126128675632179,2021-04-01
2021-04-01 12:55:28,0.124630346842493,2021-04-01
2021-04-01 15:06:21,0.125666669236771,2021-04-01
2021-04-01 17:42:30,0.125206612660868,2021-04-01
2021-04-01 20:20:09,0.125247948834364,2021-04-01
2021-04-01 22:32:30,0.125783658407043,2021-04-01
2021-04-01 23:43:53,0.124800371103289,2021-04-01
2021-04-01 23:59:59,0.124804335331587,2021-04-01
2021-04-02 00:00:00,0.124804597573812,2021-04-02
2021-04-02 00:37:25,0.124814409803722,2021-04-02
2021-04-02 05:46:44,0.12138850279662,2021-04-02
2021-04-02 06:31:20,0.118895187786153,2021-04-02
2021-04-02 07:23:23,0.118908836522685,2021-04-02
2021-04-02 08:19:54,0.117921649579921,2021-04-02
2021-04-02 09:41:42,0.117943097594471,2021-04-02
2021-04-02 11:13:54,0.118468278141826,2021-04-02
2021-04-02 12:28:15,0.117485770765874,2021-04-02
2021-04-02 13:14:22,0.119501870788798,2021-04-02
2021-04-02 14:01:58,0.119514349633627,2021-04-02
2021-04-02 16:18:47,0.120051229098009,2021-04-02
2021-04-02 17:48:01,0.120074626932064,2021-04-02
2021-04-02 18:44:31,0.117584431632804,2021-04-02
2021-04-02 19:55:54,0.117102147114549,2021-04-02
2021-04-02 21:41:28,0.114624820624019,2021-04-02
2021-04-02 23:15:09,0.113647382778779,2021-04-02
2021-04-02 23:59:59,0.112061623463805,2021-04-02
2021-04-03 00:00:00,0.112025460195505,2021-04-03
2021-04-03 00:10:10,0.111657800301117,2021-04-03
2021-04-03 00:51:48,0.109163705362849,2021-04-03
2021-04-03 02:13:36,0.109185153377399,2021-04-03
2021-04-03 04:21:29,0.109218690272877,2021-04-03
2021-04-03 04:52:43,0.108725876729297,2021-04-03
2021-04-03 06:27:54,0.108750834418955,2021-04-03
2021-04-03 07:54:09,0.106769441183213,2021-04-03
2021-04-03 08:50:39,0.106283257025949,2021-04-03
2021-04-03 10:58:33,0.105815791135928,2021-04-03
2021-04-03 14:41:38,0.105874285721064,2021-04-03
2021-04-03 17:53:28,0.104922585493284,2021-04-03
2021-04-03 19:53:56,0.104954172569257,2021-04-03
2021-04-03 20:45:59,0.10446681852029,2021-04-03
2021-04-03 21:52:54,0.104484366895831,2021-04-03
2021-04-03 23:08:44,0.102500243912782,2021-04-03
2021-04-03 23:59:59,0.102165450172172,2021-04-03
2021-04-04 00:00:00,0.102158789819242,2021-04-04
2021-04-04 02:45:51,0.101054170285818,2021-04-04
2021-04-04 03:51:18,0.101071328697458,2021-04-04
2021-04-04 04:25:29,0.100078292296182,2021-04-04
2021-04-04 05:41:20,0.0990961748841303,2021-04-04
2021-04-04 07:20:58,0.0981202968944936,2021-04-04
2021-04-04 10:53:38,0.0976750589468246,2021-04-04
2021-04-04 13:49:07,0.0967190691161343,2021-04-04
2021-04-04 17:18:49,0.097275056811661,2021-04-04
2021-04-04 20:15:47,0.0968204597303704,2021-04-04
2021-04-04 20:33:38,0.0978271448681788,2021-04-04
2021-04-04 23:09:47,0.0968660855067767,2021-04-04
2021-04-04 23:59:59,0.0970632093931572,2021-04-04
2021-04-05 00:00:00,0.0970672146194298,2021-04-05
2021-04-05 01:23:38,0.0974021850433571,2021-04-05
2021-04-05 05:23:04,0.0979659720169022,2021-04-05
2021-04-05 07:26:30,0.09699633344968,2021-04-05
2021-04-05 11:02:09,0.0965518754298129,2021-04-05
2021-04-05 14:37:47,0.0956064146244469,2021-04-05
2021-04-05 17:46:39,0.0961569428253611,2021-04-05
2021-04-05 18:22:21,0.0971683075299805,2021-04-05
2021-04-05 18:37:15,0.100178223881982,2021-04-05
2021-04-05 19:38:13,0.100695215187418,2021-04-05
2021-04-05 22:20:20,0.102240729609114,2021-04-05
2021-04-05 23:59:59,0.101982508163345,2021-04-05
2021-04-06 00:00:00,0.101979891054097,2021-04-06
2021-04-06 01:14:20,0.101785352600021,2021-04-06
2021-04-06 02:59:56,0.102815045607983,2021-04-06
2021-04-06 05:03:22,0.10234640982626,2021-04-06
2021-04-06 08:07:46,0.101392759778975,2021-04-06
2021-04-06 10:30:32,0.10243220188446,2021-04-06
2021-04-06 11:59:46,0.101954596933015,2021-04-06
2021-04-06 12:51:50,0.102970251240545,2021-04-06
2021-04-06 13:39:26,0.104986741227369,2021-04-06
2021-04-06 14:07:41,0.104994150541486,2021-04-06
2021-04-06 14:30:00,0.105,2021-04-06
2021-04-06 14:30:00,0.105,2021-04-06
2021-04-06 18:43:00,0.106709375083455,2021-04-06
2021-04-06 20:37:36,0.105804201406795,2021-04-06
2021-04-06 22:36:40,0.107402734769894,2021-04-06
2021-04-06 23:59:59,0.107152901349964,2021-04-06
2021-04-07 00:00:00,0.107149866935957,2021-04-07
2021-04-07 00:46:08,0.107009879303089,2021-04-07
2021-04-07 05:05:06,0.107224173295779,2021-04-07
2021-04-07 08:23:02,0.107387972726973,2021-04-07
2021-04-07 11:18:39,0.107533298538108,2021-04-07
2021-04-07 12:49:26,0.108608429519315,2021-04-07
2021-04-07 14:24:41,0.107687245371937,2021-04-07
2021-04-07 14:45:33,0.112704512048819,2021-04-07
2021-04-07 15:12:21,0.115226692708637,2021-04-07
2021-04-07 15:27:17,0.122739045402584,2021-04-07
2021-04-07 15:37:46,0.134747725540862,2021-04-07
2021-04-07 15:51:14,0.145758863902183,2021-04-07
2021-04-07 15:58:43,0.153265058722777,2021-04-07
2021-04-07 16:07:40,0.156772465412846,2021-04-07
2021-04-07 16:24:03,0.159786027513119,2021-04-07
2021-04-07 16:34:32,0.170794702725099,2021-04-07
2021-04-07 16:40:33,0.181299680749917,2021-04-07
2021-04-07 16:46:33,0.18880464399584,2021-04-07
2021-04-07 16:51:03,0.194808368277644,2021-04-07
2021-04-07 17:05:59,0.202320720971591,2021-04-07
2021-04-07 17:22:26,0.215834334798,2021-04-07
2021-04-07 17:37:23,0.226846704733992,2021-04-07
2021-04-07 17:50:50,0.237857843095313,2021-04-07
2021-04-07 18:04:16,0.24436895928829,2021-04-07
2021-04-07 18:31:13,0.271391260642426,2021-04-07
2021-04-07 18:38:44,0.282897475168214,2021-04-07
2021-04-07 18:44:44,0.291902445803584,2021-04-07
2021-04-07 18:56:42,0.300912342737638,2021-04-07
2021-04-07 19:05:41,0.310919781448648,2021-04-07
2021-04-07 19:29:32,0.315939511274872,2021-04-07
2021-04-07 19:42:56,0.317950605299505,2021-04-07
2021-04-07 20:17:10,0.317978931516929,2021-04-07
2021-04-07 20:54:22,0.318009720883695,2021-04-07
2021-04-07 21:15:12,0.316526955539636,2021-04-07
2021-04-07 21:34:33,0.316542966010354,2021-04-07
2021-04-07 21:49:26,0.31655528175706,2021-04-07
2021-04-07 21:53:54,0.317558981407371,2021-04-07
2021-04-07 22:02:52,0.323566400413187,2021-04-07
2021-04-07 22:11:50,0.329573819419003,2021-04-07
2021-04-07 22:25:17,0.340584957780324,2021-04-07
2021-04-07 22:34:15,0.347092379249289,2021-04-07
2021-04-07 22:52:08,0.350107172924233,2021-04-07
2021-04-07 23:02:34,0.352615806262674,2021-04-07
2021-04-07 23:20:26,0.353130587621871,2021-04-07
2021-04-07 23:42:47,0.357649083410274,2021-04-07
2021-04-07 23:53:14,0.365157741380209,2021-04-07
2021-04-07 23:59:59,0.370663305639105,2021-04-07
2021-04-08 00:00:00,0.371618027764925,2021-04-08
2021-04-08 00:03:43,0.37516641166589,2021-04-08
2021-04-08 00:05:15,0.38316768265095,2021-04-08
2021-04-08 00:09:45,0.388171402006456,2021-04-08
2021-04-08 00:15:45,0.395676365252378,2021-04-08
2021-04-08 00:17:17,0.404677641163737,2021-04-08
2021-04-08 00:24:46,0.411683833521181,2021-04-08
2021-04-08 00:29:17,0.419687567655582,2021-04-08
2021-04-08 00:41:14,0.427697459663337,2021-04-08
2021-04-08 00:50:12,0.432204871279705,2021-04-08
2021-04-08 01:18:28,0.432228271198447,2021-04-08
2021-04-08 02:07:35,0.431768910699428,2021-04-08
2021-04-08 03:10:05,0.431820636835595,2021-04-08
2021-04-08 04:21:32,0.432379754882934,2021-04-08
2021-04-08 05:59:45,0.432961041274345,2021-04-08
2021-04-08 06:26:32,0.431983204692118,2021-04-08
2021-04-08 06:57:48,0.432509070223351,2021-04-08
2021-04-08 07:43:55,0.429547234259244,2021-04-08
2021-04-08 08:41:56,0.425595245966204,2021-04-08
2021-04-08 09:29:32,0.42113463418732,2021-04-08
2021-04-08 10:14:10,0.418671569111692,2021-04-08
2021-04-08 11:18:08,0.414724507117335,2021-04-08
2021-04-08 12:41:27,0.409293448204247,2021-04-08
2021-04-08 13:49:52,0.404350076007603,2021-04-08
2021-04-08 14:28:33,0.400882079706994,2021-04-08
2021-04-08 15:05:45,0.400412866610611,2021-04-08
2021-04-08 16:12:42,0.396468267765594,2021-04-08
2021-04-08 16:58:50,0.395506441654085,2021-04-08
2021-04-08 17:22:38,0.393026134533069,2021-04-08
2021-04-08 18:02:49,0.394059391975474,2021-04-08
2021-04-08 18:41:30,0.393591410453761,2021-04-08
2021-04-08 19:24:39,0.389627106414015,2021-04-08
2021-04-08 20:33:05,0.386183741606819,2021-04-08
2021-04-08 22:00:51,0.380756377417743,2021-04-08
2021-04-08 23:15:15,0.376317933982931,2021-04-08
2021-04-08 23:59:59,0.373156825087391,2021-04-08
2021-04-09 00:00:00,0.373084571169778,2021-04-09
2021-04-09 00:23:40,0.371374561786286,2021-04-09
2021-04-09 01:49:58,0.366445968485689,2021-04-09
2021-04-09 02:37:35,0.364985371485702,2021-04-09
2021-04-09 03:35:36,0.361033383192662,2021-04-09
2021-04-09 04:39:34,0.358086326124603,2021-04-09
2021-04-09 05:28:42,0.359126973015032,2021-04-09
2021-04-09 06:40:08,0.360686095988671,2021-04-09
2021-04-09 06:52:01,0.35719593134399,2021-04-09
2021-04-09 07:33:41,0.356730412971619,2021-04-09
2021-04-09 07:56:01,0.357248889054827,2021-04-09
2021-04-09 08:24:17,0.354772276657823,2021-04-09
2021-04-09 09:10:24,0.352310443156865,2021-04-09
2021-04-09 09:56:32,0.350348612119058,2021-04-09
2021-04-09 10:50:05,0.348392938954603,2021-04-09
2021-04-09 11:18:22,0.348916341336494,2021-04-09
2021-04-09 11:51:07,0.348943435979248,2021-04-09
2021-04-09 12:04:31,0.349954525077583,2021-04-09
2021-04-09 12:22:23,0.352469316289377,2021-04-09
2021-04-09 12:44:44,0.356987812077781,2021-04-09
2021-04-09 13:11:32,0.358009985348151,2021-04-09
2021-04-09 13:42:48,0.360535860731981,2021-04-09
2021-04-09 14:06:37,0.362555575779308,2021-04-09
2021-04-09 14:28:57,0.363574054325666,2021-04-09
2021-04-09 15:01:42,0.365101156357868,2021-04-09
2021-04-09 15:24:02,0.367119639830525,2021-04-09
2021-04-09 15:38:58,0.373131985135023,2021-04-09
2021-04-09 16:04:16,0.375152931757022,2021-04-09
2021-04-09 16:42:58,0.376184957624757,2021-04-09
2021-04-09 17:26:07,0.374720665900757,2021-04-09
2021-04-09 18:13:45,0.375260078753366,2021-04-09
2021-04-09 18:50:58,0.375790870583282,2021-04-09
2021-04-09 19:25:10,0.37281918202181,2021-04-09
2021-04-09 19:53:27,0.372342579477403,2021-04-09
2021-04-09 20:23:12,0.371367206044517,2021-04-09
2021-04-09 21:06:21,0.368902909394218,2021-04-09
2021-04-09 21:39:05,0.367929999110673,2021-04-09
2021-04-09 22:13:19,0.367958325328098,2021-04-09
2021-04-09 22:46:03,0.365985410118255,2021-04-09
2021-04-09 23:12:50,0.365007573536027,2021-04-09
2021-04-09 23:44:05,0.364033431677812,2021-04-09
2021-04-09 23:59:59,0.363042864873985,2021-04-09
2021-04-10 00:00:00,0.362976458160879,2021-04-10
2021-04-10 00:21:16,0.361564208728831,2021-04-10
2021-04-10 01:16:19,0.359609767139047,2021-04-10
2021-04-10 02:23:16,0.35616517075718,2021-04-10
2021-04-10 03:22:47,0.353214418965109,2021-04-10
2021-04-10 04:32:43,0.349772285732583,2021-04-10
2021-04-10 05:33:43,0.347822770441482,2021-04-10
2021-04-10 06:52:34,0.343888024193831,2021-04-10
2021-04-10 08:06:58,0.340949588148466,2021-04-10
2021-04-10 10:10:28,0.335551781751486,2021-04-10
2021-04-10 11:23:22,0.33361211905775,2021-04-10
2021-04-10 13:07:31,0.32919830711635,2021-04-10
2021-04-10 14:27:53,0.327764804759116,2021-04-10
2021-04-10 15:55:40,0.323837447959488,2021-04-10
2021-04-10 17:13:02,0.320901475063465,2021-04-10
2021-04-10 18:27:26,0.31846304148125,2021-04-10
2021-04-10 19:31:25,0.31601598687634,2021-04-10
2021-04-10 21:31:56,0.312115724719467,2021-04-10
2021-04-10 22:59:43,0.30768836545669,2021-04-10
2021-04-10 23:59:59,0.305972289297214,2021-04-10
2021-04-11 00:00:00,0.305943342271752,2021-04-11
2021-04-11 00:57:16,0.304285642613625,2021-04-11
2021-04-11 03:51:22,0.299429712218595,2021-04-11
2021-04-11 05:28:05,0.29650974979329,2021-04-11
2021-04-11 07:53:55,0.293130426868966,2021-04-11
2021-04-11 10:30:10,0.289259722504188,2021-04-11
2021-04-11 11:54:59,0.286829909944667,2021-04-11
2021-04-11 13:34:41,0.285912420521301,2021-04-11
2021-04-11 14:23:47,0.284453055095984,2021-04-11
2021-04-11 15:11:24,0.283492460559145,2021-04-11
2021-04-11 16:37:43,0.282063884500594,2021-04-11
2021-04-11 18:30:48,0.279157469396666,2021-04-11
2021-04-11 20:00:06,0.278731361413754,2021-04-11
2021-04-11 21:23:27,0.27880032959531,2021-04-11
2021-04-11 21:59:10,0.280329894776853,2021-04-11
2021-04-11 22:46:50,0.286369334724105,2021-04-11
2021-04-11 23:47:54,0.295919876085439,2021-04-11
2021-04-11 23:59:59,0.296502455727637,2021-04-11
2021-04-12 00:00:00,0.296554940380087,2021-04-12
2021-04-12 00:26:37,0.297951906879472,2021-04-12
2021-04-12 01:57:27,0.308027082197368,2021-04-12
2021-04-12 03:11:56,0.318088710193886,2021-04-12
2021-04-12 04:26:24,0.328150338190405,2021-04-12
2021-04-12 05:15:33,0.335191014638626,2021-04-12
2021-04-12 06:18:06,0.342242775258883,2021-04-12
2021-04-12 07:26:36,0.347299452325226,2021-04-12
2021-04-12 08:06:48,0.351332724546528,2021-04-12
2021-04-12 09:40:33,0.34991030636133,2021-04-12
2021-04-12 11:12:50,0.350986668917207,2021-04-12
2021-04-12 11:45:34,0.350513761096812,2021-04-12
2021-04-12 12:07:54,0.35153223964317,2021-04-12
2021-04-12 13:34:13,0.351603670974067,2021-04-12
2021-04-12 15:31:48,0.352200967836196,2021-04-12
2021-04-12 16:58:07,0.351772396703943,2021-04-12
2021-04-12 18:12:30,0.348833960658579,2021-04-12
2021-04-12 19:32:52,0.347400458301345,2021-04-12
2021-04-12 20:53:13,0.345966955944111,2021-04-12
2021-04-12 22:07:37,0.344528527288194,2021-04-12
2021-04-12 23:22:01,0.342590096169129,2021-04-12
2021-04-12 23:59:59,0.340390223522223,2021-04-12
2021-04-13 00:00:00,0.340330740710679,2021-04-13
2021-04-13 00:20:03,0.339138110339238,2021-04-13
2021-04-13 02:01:14,0.336221842637945,2021-04-13
2021-04-13 03:27:31,0.330793246874199,2021-04-13
2021-04-13 04:44:52,0.32435725673613,2021-04-13
2021-04-13 05:14:37,0.321881875913796,2021-04-13
2021-04-13 07:24:04,0.318489005668096,2021-04-13
2021-04-13 08:28:04,0.318041960915783,2021-04-13
2021-04-13 08:47:25,0.318057971386502,2021-04-13
2021-04-13 09:27:35,0.315091209123713,2021-04-13
2021-04-13 10:28:36,0.314641701222059,2021-04-13
2021-04-13 11:37:03,0.31319834626746,2021-04-13
2021-04-13 12:54:25,0.308762365981989,2021-04-13
2021-04-13 14:11:48,0.308826407864862,2021-04-13
2021-04-13 15:02:23,0.306368269087917,2021-04-13
2021-04-13 15:55:57,0.304912598386611,2021-04-13
2021-04-13 18:50:04,0.302056677844179,2021-04-13
2021-04-13 20:53:34,0.299158883762946,2021-04-13
2021-04-13 22:25:50,0.297235231539927,2021-04-13
2021-04-13 23:59:59,0.294350635232816,2021-04-13
2021-04-14 00:00:00,0.294319673555101,2021-04-14
2021-04-14 00:15:56,0.293826350823509,2021-04-14
2021-04-14 02:16:28,0.290426091129784,2021-04-14
2021-04-14 04:49:44,0.286552923615665,2021-04-14
2021-04-14 06:02:39,0.284613260921928,2021-04-14
2021-04-14 07:52:46,0.282204385131808,2021-04-14
2021-04-14 09:11:39,0.28326966351565,2021-04-14
2021-04-14 09:39:56,0.28479307082384,2021-04-14
2021-04-14 10:26:05,0.287831264417526,2021-04-14
2021-04-14 11:22:39,0.289878074107607,2021-04-14
2021-04-14 12:04:20,0.290912563124684,2021-04-14
2021-04-14 12:46:00,0.290447044752312,2021-04-14
2021-04-14 13:50:00,0.29,2021-04-14
2021-04-14 13:50:00,0.29,2021-04-14
2021-04-14 14:55:30,0.289935046891282,2021-04-14
2021-04-14 16:02:29,0.289368617575547,2021-04-14
2021-04-14 17:19:54,0.287291854810698,2021-04-14
2021-04-14 18:47:44,0.285204758596735,2021-04-14
2021-04-14 20:36:25,0.282096995484543,2021-04-14
2021-04-14 23:59:59,0.275878780362405,2021-04-14
2021-04-15 00:00:00,0.275848085758759,2021-04-15
2021-04-15 00:15:15,0.275379993053143,2021-04-15
2021-04-15 04:58:06,0.269099513720042,2021-04-15
2021-04-15 07:53:46,0.265425321292115,2021-04-15
2021-04-15 11:44:31,0.263196509204585,2021-04-15
2021-04-15 13:46:36,0.261075460229246,2021-04-15
2021-04-15 16:16:57,0.259426363320597,2021-04-15
2021-04-15 18:47:19,0.256277266411949,2021-04-15
2021-04-15 19:09:39,0.254255123306704,2021-04-15
2021-04-15 19:52:49,0.25371231330323,2021-04-15
2021-04-15 21:17:41,0.2526281695033,2021-04-15
2021-04-15 22:02:20,0.25158388329281,2021-04-15
2021-04-15 23:06:21,0.250520406391108,2021-04-15
2021-04-15 23:46:33,0.249980548801667,2021-04-15
2021-04-15 23:59:59,0.249560228814696,2021-04-15
2021-04-16 00:00:00,0.249526468173172,2021-04-16
2021-04-16 00:47:35,0.247920024313998,2021-04-16
2021-04-16 02:15:25,0.246332928100035,2021-04-16
2021-04-16 04:21:58,0.243207450503647,2021-04-16
2021-04-16 05:43:50,0.241126259117749,2021-04-16
2021-04-16 07:17:38,0.240033258075721,2021-04-16
2021-04-16 08:58:52,0.239432875998611,2021-04-16
2021-04-16 11:09:52,0.237302969781174,2021-04-16
2021-04-16 13:13:26,0.235680444598819,2021-04-16
2021-04-16 14:54:40,0.234580062521709,2021-04-16
2021-04-16 16:44:50,0.231970823202501,2021-04-16
2021-04-16 18:57:19,0.230339440778048,2021-04-16
2021-04-16 20:05:48,0.227771535255297,2021-04-16
2021-04-16 22:30:13,0.225128343174713,2021-04-16
2021-04-16 23:59:59,0.224275698869772,2021-04-16
2021-04-17 00:00:00,0.224266095217004,2021-04-17
2021-04-17 00:26:20,0.22401319902744,2021-04-17
2021-04-17 01:25:53,0.222454150746787,2021-04-17
2021-04-17 02:35:51,0.22038476901702,2021-04-17
2021-04-17 04:30:29,0.218771101076763,2021-04-17
2021-04-17 06:34:02,0.216148575894408,2021-04-17
2021-04-17 06:59:21,0.21462348037513,2021-04-17
2021-04-17 08:34:38,0.213029003126085,2021-04-17
2021-04-17 10:54:34,0.212390239666551,2021-04-17
2021-04-17 12:32:49,0.210792810003473,2021-04-17
2021-04-17 13:24:55,0.208741142757902,2021-04-17
2021-04-17 14:28:56,0.2076776658562,2021-04-17
2021-04-17 16:16:08,0.206071378951025,2021-04-17
2021-04-17 17:29:04,0.204499044807225,2021-04-17
2021-04-17 19:05:50,0.202903091351164,2021-04-17
2021-04-17 21:40:40,0.200749565821466,2021-04-17
2021-04-17 23:59:59,0.198054873495287,2021-04-17
2021-04-18 00:00:00,0.198035393791725,2021-04-18
2021-04-18 00:22:56,0.197588659256686,2021-04-18
2021-04-18 02:45:51,0.194946943383119,2021-04-18
2021-04-18 05:34:05,0.192280131990274,2021-04-18
2021-04-18 07:52:32,0.190142844737756,2021-04-18
2021-04-18 09:50:08,0.189526224383466,2021-04-18
2021-04-18 12:33:53,0.187863841611671,2021-04-18
2021-04-18 15:05:44,0.187713268496005,2021-04-18
2021-04-18 17:31:38,0.187568600208406,2021-04-18
2021-04-18 19:44:08,0.186937217783953,2021-04-18
2021-04-18 20:43:41,0.1853781695033,2021-04-18
2021-04-18 22:54:41,0.183248263285863,2021-04-18
2021-04-18 23:59:59,0.182480120815117,2021-04-18
2021-04-19 00:00:00,0.182468177682636,2021-04-19
2021-04-19 01:11:39,0.181612452240361,2021-04-19
2021-04-19 03:19:40,0.178485498436957,2021-04-19
2021-04-19 05:27:42,0.176858544633553,2021-04-19
2021-04-19 07:05:58,0.175261114970476,2021-04-19
2021-04-19 09:49:43,0.17309873219868,2021-04-19
2021-04-19 11:22:01,0.172507207363668,2021-04-19
2021-04-19 13:34:31,0.171375824939215,2021-04-19
2021-04-19 16:01:54,0.169729680444599,2021-04-19
2021-04-19 18:06:57,0.167105679055228,2021-04-19
2021-04-19 19:55:37,0.164497915943036,2021-04-19
2021-04-19 22:21:31,0.162853247655436,2021-04-19
2021-04-19 23:52:20,0.16176319902744,2021-04-19
2021-04-19 23:59:59,0.161398325731353,2021-04-19
2021-04-20 00:00:00,0.16134359473694,2021-04-20
2021-04-20 00:29:33,0.159726293852032,2021-04-20
2021-04-20 02:21:12,0.158115578325808,2021-04-20
2021-04-20 03:52:01,0.155525529697812,2021-04-20
2021-04-20 05:36:13,0.153422195206669,2021-04-20
2021-04-20 07:18:56,0.152320336922543,2021-04-20
2021-04-20 10:07:10,0.150653525529698,2021-04-20
2021-04-20 12:04:46,0.150036905175408,2021-04-20
2021-04-20 12:42:00,0.15,2021-04-20
2021-04-20 12:42:00,0.15,2021-04-20
2021-04-20 13:44:35,0.149957073524365,2021-04-20
2021-04-20 16:21:05,0.147845749319246,2021-04-20
2021-04-20 18:09:53,0.145767131000325,2021-04-20
2021-04-20 18:23:18,0.14124891443376,2021-04-20
2021-04-20 19:12:29,0.142217190496635,2021-04-20
2021-04-20 19:34:51,0.138193843580415,2021-04-20
2021-04-20 21:37:04,0.137609032743025,2021-04-20
2021-04-20 23:40:46,0.136021195838675,2021-04-20
2021-04-20 23:59:59,0.135681812402583,2021-04-20
2021-04-21 00:00:00,0.135663199051426,2021-04-21
2021-04-21 01:32:33,0.133940533401867,2021-04-21
2021-04-21 03:25:49,0.132860852914131,2021-04-21
2021-04-21 05:04:11,0.131290391011823,2021-04-21
2021-04-21 06:36:36,0.129724017345291,2021-04-21
2021-04-21 07:58:34,0.128164798091364,2021-04-21
2021-04-21 09:20:33,0.128108584849462,2021-04-21
2021-04-21 11:07:51,0.1270329925975,2021-04-21
2021-04-21 11:13:49,0.12602690035371,2021-04-21
2021-04-21 12:52:11,0.126460446467435,2021-04-21
2021-04-21 13:24:59,0.127940967182698,2021-04-21
2021-04-21 14:24:36,0.126397078812926,2021-04-21
2021-04-21 16:22:20,0.124813330144351,2021-04-21
2021-04-21 17:44:19,0.123755112894432,2021-04-21
2021-04-21 19:21:11,0.123688679063093,2021-04-21
2021-04-21 21:23:24,0.121600862213679,2021-04-21
2021-04-21 23:45:00,0.121002764610021,2021-04-21
2021-04-21 23:59:59,0.120884978564476,2021-04-21
2021-04-22 00:00:00,0.120876565275509,2021-04-22
2021-04-22 01:54:40,0.119911841473904,2021-04-22
2021-04-22 04:14:46,0.117811759917166,2021-04-22
2021-04-22 06:05:04,0.116233121543309,2021-04-22
2021-04-22 07:34:29,0.115169793998672,2021-04-22
2021-04-22 09:44:09,0.115080874870571,2021-04-22
2021-04-22 12:04:15,0.114984801329865,2021-04-22
2021-04-22 14:28:50,0.11438465960832,2021-04-22
2021-04-22 17:20:14,0.11326511882178,2021-04-22
2021-04-22 20:28:01,0.11213433538686,2021-04-22
2021-04-22 23:11:58,0.111520906899046,2021-04-22
2021-04-22 23:59:59,0.111195875386596,2021-04-22
2021-04-23 00:00:00,0.111188964723681,2021-04-23
2021-04-23 00:32:27,0.110964713712079,2021-04-23
2021-04-23 02:37:39,0.110377858756802,2021-04-23
2021-04-23 04:42:51,0.109290001797517,2021-04-23
2021-04-23 06:28:40,0.108215431604499,2021-04-23
2021-04-23 09:26:02,0.107091802582184,2021-04-23
2021-04-23 15:10:19,0.107356708970201,2021-04-23
2021-04-23 21:16:58,0.106604280466047,2021-04-23
2021-04-23 23:59:59,0.105309129706638,2021-04-23
2021-04-24 00:00:00,0.105301136593537,2021-04-24
2021-04-24 00:42:39,0.104960230319794,2021-04-24
2021-04-24 04:11:19,0.104316140063671,2021-04-24
2021-04-24 08:03:49,0.103655696864448,2021-04-24
2021-04-24 11:02:40,0.102030043779182,2021-04-24
2021-04-24 13:46:37,0.102919621303393,2021-04-24
2021-04-24 16:02:15,0.102826613939517,2021-04-24
2021-04-24 18:50:40,0.102210119274873,2021-04-24
2021-04-24 20:15:38,0.102151861915083,2021-04-24
2021-04-24 22:11:53,0.100068133301443,2021-04-24
2021-04-24 23:59:59,0.0996581418118235,2021-04-24
2021-04-25 00:00:00,0.0996543142889704,2021-04-25
2021-04-25 00:51:21,0.0994577709904613,2021-04-25
2021-04-25 03:11:27,0.097357689433723,2021-04-25
2021-04-25 05:21:08,0.0962667662976063,2021-04-25
2021-04-25 07:59:07,0.0951564240415598,2021-04-25
2021-04-25 10:20:42,0.0945583264379018,2021-04-25
2021-04-25 12:55:43,0.0949530343117667,2021-04-25
2021-04-25 15:18:47,0.0938529126451569,2021-04-25
2021-04-25 17:29:57,0.0927609674500967,2021-04-25
2021-04-25 21:15:00,0.0926066365496004,2021-04-25
2021-04-25 23:59:59,0.0924941803331713,2021-04-25
2021-04-26 00:00:00,0.0924934946245345,2021-04-26
2021-04-26 00:18:20,0.0924809232995272,2021-04-26
2021-04-26 03:32:05,0.0913460516288322,2021-04-26
2021-04-26 06:53:18,0.0912080736714348,2021-04-26
2021-04-26 09:53:38,0.091585406543257,2021-04-26
2021-04-26 11:02:12,0.0910373898278395,2021-04-26
2021-04-26 13:23:47,0.0909402942281895,2021-04-26
2021-04-26 16:01:47,0.0903309539761509,2021-04-26
2021-04-26 18:48:42,0.0912184873824744,2021-04-26
2021-04-26 21:28:11,0.0916101290795082,2021-04-26
2021-04-26 23:59:59,0.0907824981001205,2021-04-26
2021-04-27 00:00:00,0.090777010437532,2021-04-27
2021-04-27 00:56:51,0.0904650368193763,2021-04-27
2021-04-27 04:06:08,0.0903352353335284,2021-04-27
2021-04-27 06:47:06,0.0902248529676105,2021-04-27
2021-04-27 09:34:01,0.0906113843699259,2021-04-27
2021-04-27 11:13:53,0.090041904416691,2021-04-27
2021-04-27 12:15:00,0.09,2021-04-27
2021-04-27 12:15:00,0.09,2021-04-27
2021-04-27 23:59:59,0.0901407705869014,2021-04-27
2021-04-28 00:00:00,0.0901409705451214,2021-04-28
2021-04-28 11:28:44,0.0902786884365304,2021-04-28
2021-04-28 23:59:59,0.0875203408954004,2021-04-28
2021-04-29 00:00:00,0.0875166644058752,2021-04-29
2021-04-29 02:23:04,0.0869906813044655,2021-04-29
2021-04-29 03:37:14,0.0889280879142212,2021-04-29
2021-04-29 07:10:36,0.0887408267556904,2021-04-29
2021-04-29 18:07:23,0.0891656758448351,2021-04-29
2021-04-29 23:59:59,0.087998584418649,2021-04-29
2021-04-30 00:00:00,0.0879952652033306,2021-04-30
2021-04-30 00:57:28,0.0878045209630363,2021-04-30
2021-04-30 10:17:23,0.0868125056379137,2021-04-30
2021-04-30 16:03:54,0.0855071306756772,2021-04-30
2021-04-30 23:59:59,0.0829428893290786,2021-04-30
2021-05-01 00:00:00,0.0829374920625103,2021-05-01
2021-05-01 01:17:44,0.0825179445412679,2021-05-01
2021-05-01 08:54:44,0.0806149979708142,2021-05-01
2021-05-01 16:55:56,0.0776895603159047,2021-05-01
2021-05-01 20:30:48,0.0759991086771173,2021-05-01
2021-05-01 23:59:59,0.075816386272163,2021-05-01
2021-05-02 00:00:00,0.0758155086429365,2021-05-02
2021-05-02 03:34:31,0.0756272425467015,2021-05-02
2021-05-02 09:43:44,0.0728000837976876,2021-05-02
2021-05-02 16:38:21,0.0709343238402755,2021-05-02
2021-05-02 23:01:11,0.0680952122513553,2021-05-02
2021-05-02 23:59:59,0.0678995678544091,2021-05-02
2021-05-03 00:00:00,0.0678961839789935,2021-05-03
2021-05-03 05:40:41,0.066743354022817,2021-05-03
2021-05-03 13:05:34,0.0653516529945911,2021-05-03
2021-05-03 21:32:30,0.0629042585488368,2021-05-03
2021-05-03 23:59:59,0.0622311163805547,2021-05-03
2021-05-04 00:00:00,0.0622265215534675,2021-05-04
2021-05-04 04:16:32,0.061047795244685,2021-05-04
2021-05-04 08:21:40,0.0603320233307284,2021-05-04
2021-05-04 11:40:00,0.06,2021-05-04
2021-05-04 13:00:07,0.0595870333636678,2021-05-04
2021-05-04 14:40:00,0.06,2021-05-04
2021-05-04 19:33:43,0.0586166976422621,2021-05-04
2021-05-04 23:58:53,0.0576822191854529,2021-05-04
2021-05-04 23:59:59,0.0576820050590624,2021-05-04
2021-05-05 00:00:00,0.057680169690001,2021-05-05
2021-05-05 11:59:55,0.0563588569132255,2021-05-05
2021-05-05 15:13:34,0.0549076706032229,2021-05-05
2021-05-05 16:56:22,0.0549325854580435,2021-05-05
2021-05-05 23:59:59,0.053246191197154,2021-05-05
2021-05-06 00:00:00,0.0532422009906845,2021-05-06
2021-05-06 02:46:17,0.0525786961582492,2021-05-06
2021-05-06 08:54:15,0.0511697567759858,2021-05-06
2021-05-06 11:00:52,0.049702321647622,2021-05-06
2021-05-06 23:59:59,0.0514435549526056,2021-05-06
2021-05-07 00:00:00,0.0514457926581895,2021-05-07
2021-05-07 07:52:14,0.0525025118250719,2021-05-07
2021-05-07 11:10:22,0.0510524087696267,2021-05-07
2021-05-07 14:58:17,0.0501089031915056,2021-05-07
2021-05-07 19:33:53,0.0496763281089383,2021-05-07
2021-05-07 23:59:59,0.0497405891744866,2021-05-07
2021-05-08 00:00:00,0.0497408315623619,2021-05-08
2021-05-08 00:30:20,0.0497481839945803,2021-05-08
2021-05-08 07:02:08,0.0488443977502312,2021-05-08
2021-05-08 10:41:07,0.046899974102446,2021-05-08
2021-05-08 12:49:14,0.0439347727181105,2021-05-08
2021-05-08 14:20:06,0.0434574231138368,2021-05-08
2021-05-08 21:21:42,0.0430602343468116,2021-05-08
2021-05-08 23:59:59,0.0430983623679039,2021-05-08
2021-05-09 00:00:00,0.043098604758375,2021-05-09
2021-05-09 03:37:06,0.0431512277296346,2021-05-09
2021-05-09 05:13:56,0.0411771951239467,2021-05-09
2021-05-09 08:20:09,0.040722954950231,2021-05-09
2021-05-09 10:50:37,0.0407594245203308,2021-05-09
2021-05-09 12:08:05,0.0402788251523847,2021-05-09
2021-05-09 12:58:44,0.0367954715754463,2021-05-09
2021-05-09 13:35:58,0.036804498696758,2021-05-09
2021-05-09 14:48:58,0.0353240645137052,2021-05-09
2021-05-09 16:00:28,0.0353413965866238,2021-05-09
2021-05-09 20:13:43,0.0349034052312693,2021-05-09
2021-05-09 23:59:59,0.034958010102175,2021-05-09
2021-05-10 00:00:00,0.034958252485267,2021-05-10
2021-05-10 02:18:42,0.0349918710201251,2021-05-10
2021-05-10 05:42:48,0.0335432123040897,2021-05-10
2021-05-10 10:09:27,0.0331084707124077,2021-05-10
2021-05-10 12:08:38,0.0321386059400562,2021-05-10
2021-05-10 13:33:32,0.0316598119963724,2021-05-10
2021-05-10 18:56:48,0.0307394158488095,2021-05-10
2021-05-10 23:20:29,0.0313027036479716,2021-05-10
2021-05-10 23:59:59,0.0302790951543141,2021-05-10
2021-05-11 00:00:00,0.0302525194253572,2021-05-11
2021-05-11 00:34:58,0.0293232547694967,2021-05-11
2021-05-11 01:12:13,0.0293322818908085,2021-05-11
2021-05-11 04:33:20,0.0273835252247937,2021-05-11
2021-05-11 09:53:37,0.0264624069075259,2021-05-11
2021-05-11 13:22:10,0.0245154556657733,2021-05-11
2021-05-11 13:54:57,0.0235246479719784,2021-05-11
2021-05-11 17:01:10,0.0260666624799107,2021-05-11
2021-05-11 17:14:34,0.026069912243583,2021-05-11
2021-05-11 18:11:11,0.0260836334679769,2021-05-11
2021-05-11 20:31:13,0.026616951224384,2021-05-11
2021-05-11 23:40:24,0.026662809000648,2021-05-11
2021-05-11 23:59:59,0.0266673174318047,2021-05-11
2021-05-12 00:00:00,0.0266675598205765,2021-05-12
2021-05-12 03:26:50,0.0267176938982237,2021-05-12
2021-05-12 06:10:43,0.0272567890122702,2021-05-12
2021-05-12 08:08:24,0.0272853147156155,2021-05-12
2021-05-12 09:49:42,0.026810492705309,2021-05-12
2021-05-12 13:45:04,0.0258687925514503,2021-05-12
2021-05-12 16:05:06,0.0264021103078573,2021-05-12
2021-05-12 20:00:29,0.0254604101539987,2021-05-12
2021-05-12 23:59:59,0.0255182229550221,2021-05-12
2021-05-13 00:00:00,0.0255184653397654,2021-05-13
2021-05-13 02:09:56,0.0255499591974118,2021-05-13
2021-05-13 10:30:28,0.026170659488117,2021-05-13
2021-05-13 12:53:29,0.0257059478536797,2021-05-13
2021-05-13 15:55:14,0.024751248645132,2021-05-13
2021-05-13 20:21:53,0.0253152586139991,2021-05-13
2021-05-13 23:02:47,0.0258536315583408,2021-05-13
2021-05-13 23:59:59,0.0260999088487641,2021-05-13
2021-05-14 00:00:00,0.0261042897077696,2021-05-14
2021-05-14 01:03:27,0.0263822552116657,2021-05-14
2021-05-14 08:39:18,0.0259933713962476,2021-05-14
2021-05-14 12:07:51,0.0255445474953189,2021-05-14
2021-05-14 13:41:42,0.0240691685002007,2021-05-14
2021-05-14 17:34:06,0.023126746176637,2021-05-14
2021-05-14 23:33:07,0.0227143918458083,2021-05-14
2021-05-14 23:59:59,0.0227206655561221,2021-05-14
2021-05-15 00:00:00,0.0227209079402939,2021-05-15
2021-05-15 06:40:40,0.0228180231984677,2021-05-15
2021-05-15 15:07:10,0.0224414162680335,2021-05-15
2021-05-15 19:54:41,0.0210129783037367,2021-05-15
2021-05-15 23:59:59,0.0219208836829382,2021-05-15
2021-05-16 00:00:00,0.0219245997838149,2021-05-16
2021-05-16 00:42:12,0.0220814192408132,2021-05-16
2021-05-16 04:25:39,0.0231343335292333,2021-05-16
2021-05-16 07:09:32,0.0241728044235546,2021-05-16
2021-05-16 09:10:12,0.0252008038571541,2021-05-16
2021-05-16 18:40:45,0.0278359782570242,2021-05-16
2021-05-16 23:59:59,0.0312997812687784,2021-05-16
2021-05-17 00:00:00,0.0313106651745498,2021-05-17
2021-05-17 00:56:10,0.0319219778820445,2021-05-17
2021-05-17 03:44:30,0.0329615320309231,2021-05-17
2021-05-17 08:36:29,0.0345304320028317,2021-05-17
2021-05-17 11:26:18,0.0335728441154641,2021-05-17
2021-05-17 11:57:36,0.0290860448748942,2021-05-17
2021-05-17 13:09:06,0.0201146129028691,2021-05-17
2021-05-17 14:05:42,0.0146352005442417,2021-05-17
2021-05-17 15:30:37,0.0136570308202834,2021-05-17
2021-05-17 17:14:54,0.0136823067599564,2021-05-17
2021-05-17 18:50:15,0.0137054161905147,2021-05-17
2021-05-17 21:53:29,0.0157473327484673,2021-05-17
2021-05-17 23:59:59,0.016272795701381,2021-05-17
2021-05-18 00:00:00,0.0162769821012184,2021-05-18
2021-05-18 00:00:06,0.0162774007412021,2021-05-18
2021-05-18 02:29:04,0.0158141334461747,2021-05-18
2021-05-18 05:30:49,0.0163575615784509,2021-05-18
2021-05-18 08:59:23,0.0159087376775224,2021-05-18
2021-05-18 11:08:59,0.0124445215977648,2021-05-18
2021-05-18 12:30:55,0.0119650054843762,2021-05-18
2021-05-18 13:24:33,0.00998050141796648,2021-05-18
2021-05-18 14:45:00,0.01,2021-05-18
2021-05-18 14:45:00,0.01,2021-05-18
2021-05-18 23:59:59,0.0108555447173241,2021-05-18
2021-05-19 00:00:00,0.010857089021868,2021-05-19
2021-05-19 04:46:43,0.011299866873015,2021-05-19
2021-05-19 14:30:42,0.0115070477596616,2021-05-19
2021-05-19 23:59:59,0.0125948601098697,2021-05-19
2021-05-20 00:00:00,0.0125967742614626,2021-05-20
2021-05-20 01:12:47,0.0127360925948944,2021-05-20
2021-05-20 03:10:29,0.0137790974502814,2021-05-20
2021-05-20 03:17:56,0.0202898752325926,2021-05-20
2021-05-20 03:44:44,0.0233031433340196,2021-05-20
2021-05-20 04:27:57,0.0233184704914501,2021-05-20
2021-05-20 04:47:19,0.0283315991084382,2021-05-20
2021-05-20 05:27:32,0.0328515012605788,2021-05-20
2021-05-20 06:43:31,0.0353815848278885,2021-05-20
2021-05-20 09:06:32,0.0354323230042101,2021-05-20
2021-05-20 10:34:26,0.0339616284950577,2021-05-20
2021-05-20 11:57:51,0.0334905999823509,2021-05-20
2021-05-20 13:42:08,0.031525093440341,2021-05-20
2021-05-20 16:57:18,0.0270886978700631,2021-05-20
2021-05-20 17:50:56,0.0256058473395003,2021-05-20
2021-05-20 19:06:54,0.02363029886676,2021-05-20
2021-05-20 21:29:55,0.0226797854786261,2021-05-20
2021-05-20 23:59:59,0.0219181032499577,2021-05-20
2021-05-21 00:00:00,0.0219129941461321,2021-05-21
2021-05-21 00:33:10,0.0217435422025826,2021-05-21
2021-05-21 04:12:10,0.0228224865995307,2021-05-21
2021-05-21 07:30:18,0.0228927801146429,2021-05-21
2021-05-21 10:06:43,0.0234489007772224,2021-05-21
2021-05-21 12:01:26,0.0199852165472192,2021-05-21
2021-05-21 14:15:31,0.0175296546763818,2021-05-21
2021-05-21 16:34:04,0.0165775557202378,2021-05-21
2021-05-21 19:52:12,0.0166478492353501,2021-05-21
2021-05-21 21:57:21,0.017693496704087,2021-05-21
2021-05-21 23:35:40,0.0172277534180804,2021-05-21
2021-05-21 23:59:59,0.0170349769529812,2021-05-21
2021-05-22 00:00:00,0.0170267151044769,2021-05-22
2021-05-22 01:31:52,0.0162677266218862,2021-05-22
2021-05-22 06:07:28,0.0163655033158393,2021-05-22
2021-05-22 12:13:57,0.0154942683282078,2021-05-22
2021-05-22 16:46:35,0.0165922395412765,2021-05-22
2021-05-22 18:10:01,0.0166218368107974,2021-05-22
2021-05-22 19:27:29,0.0181511973363216,2021-05-22
2021-05-22 22:09:52,0.0182088063073534,2021-05-22
2021-05-22 23:18:24,0.0167312410034909,2021-05-22
2021-05-22 23:59:59,0.0165869973427352,2021-05-22
2021-05-23 00:00:00,0.0165834445432092,2021-05-23
2021-05-23 03:34:38,0.0158208953382782,2021-05-23
2021-05-23 06:15:32,0.0163786015688678,2021-05-23
2021-05-23 10:27:18,0.0159672961178728,2021-05-23
2021-05-23 15:01:25,0.0155639185069282,2021-05-23
2021-05-23 19:16:10,0.0166555474479566,2021-05-23
2021-05-23 22:10:28,0.0167173846003485,2021-05-23
2021-05-23 23:59:59,0.0165916030594979,2021-05-23
2021-05-24 00:00:00,0.0165904441386669,2021-05-24
2021-05-24 03:41:12,0.0163340908508645,2021-05-24
2021-05-24 05:32:56,0.0173749816155714,2021-05-24
2021-05-24 05:40:22,0.0409070359936273,2021-05-24
2021-05-24 05:41:52,0.0424094418629807,2021-05-24
2021-05-24 06:10:10,0.0439213611403944,2021-05-24
2021-05-24 06:26:33,0.0404227944141701,2021-05-24
2021-05-24 06:45:55,0.0429327941200192,2021-05-24
2021-05-24 06:57:51,0.0489445316881128,2021-05-24
2021-05-24 07:54:27,0.0504664928962568,2021-05-24
2021-05-24 08:40:38,0.0494816255345717,2021-05-24
2021-05-24 09:41:43,0.0475007918351312,2021-05-24
2021-05-24 11:05:09,0.0445266344112855,2021-05-24
2021-05-24 11:37:55,0.0405332556522036,2021-05-24
2021-05-24 12:43:28,0.0375527559563177,2021-05-24
2021-05-24 14:05:24,0.0370811989209408,2021-05-24
2021-05-24 15:33:18,0.0326067497184218,2021-05-24
2021-05-24 16:00:07,0.0311143857797987,2021-05-24
2021-05-24 17:28:01,0.0286424397061908,2021-05-24
2021-05-24 19:43:35,0.0251861547935677,2021-05-24
2021-05-24 20:44:40,0.0252078242230384,2021-05-24
2021-05-24 23:59:59,0.0248660393017097,2021-05-24
2021-05-25 00:00:00,0.0248642805456823,2021-05-25
2021-05-25 00:41:32,0.0247912335453434,2021-05-25
2021-05-25 04:05:38,0.0248636411511357,2021-05-25
2021-05-25 10:30:00,0.025,2021-05-25
2021-05-25 10:30:00,0.025,2021-05-25
2021-05-25 11:57:55,0.0251243838736417,2021-05-25
2021-05-25 12:24:44,0.0221623156845993,2021-05-25
2021-05-25 13:39:14,0.0197677125707496,2021-05-25
2021-05-25 15:22:03,0.0164131600101121,2021-05-25
2021-05-25 16:05:16,0.0154742925758057,2021-05-25
2021-05-25 17:31:42,0.0150965656129477,2021-05-25
2021-05-25 23:30:51,0.0151046394785036,2021-05-25
2021-05-25 23:59:59,0.0151668417829553,2021-05-25
2021-05-26 00:00:00,0.0151690514562928,2021-05-26
2021-05-26 09:59:45,0.0164943030404806,2021-05-26
2021-05-26 14:01:11,0.0168358316426832,2021-05-26
2021-05-26 15:12:43,0.0164370226673434,2021-05-26
2021-05-26 16:28:43,0.0150445330252452,2021-05-26
2021-05-26 17:46:13,0.0156541621254013,2021-05-26
2021-05-26 23:59:59,0.0151001868400441,2021-05-26
2021-05-27 00:00:00,0.0150987007884001,2021-05-27
2021-05-27 02:23:20,0.0148857000527596,2021-05-27
2021-05-27 09:25:05,0.0164823262764931,2021-05-27
2021-05-27 18:00:43,0.0152117533673517,2021-05-27
2021-05-27 23:59:59,0.0137479340495969,2021-05-27
2021-05-28 00:00:00,0.0137438484023408,2021-05-28
2021-05-28 00:04:20,0.0137261439308975,2021-05-28
2021-05-28 07:23:58,0.0133480580286028,2021-05-28
2021-05-28 11:14:57,0.0136748292220683,2021-05-28
2021-05-28 14:48:03,0.0109762861890464,2021-05-28
2021-05-28 17:15:35,0.00718497703060216,2021-05-28
2021-05-28 23:04:18,0.00467828031116327,2021-05-28
2021-05-28 23:59:59,0.00530348446790754,2021-05-28
2021-05-29 00:00:00,0.00531491415998696,2021-05-29
2021-05-29 02:24:00,0.00696078981942344,2021-05-29
2021-05-29 10:28:20,0.00464593941356743,2021-05-29
2021-05-29 14:29:44,0.000987446933757605,2021-05-29
2021-05-29 20:42:18,0,2021-05-29
2021-05-29 23:59:59,0,2021-05-29
2021-05-30 00:00:00,0,2021-05-30
2021-05-30 03:02:19,0,2021-05-30
2021-05-30 23:59:59,0,2021-05-30
2021-05-31 00:00:00,0,2021-05-31
2021-05-31 23:59:59,0,2021-05-31
2021-06-01 00:00:00,0,2021-06-01
2021-06-01 13:20:00,0,2021-06-01
2021-06-01 23:59:59,0,2021-06-01
2021-06-02 12:00:00,0,2021-06-02
2021-06-03 00:00:00,0,2021-06-03
2021-06-03 12:00:00,0,2021-06-03
2021-06-04 00:00:00,0,2021-06-04
2021-06-04 12:00:00,0,2021-06-04
2021-06-05 00:00:00,0,2021-06-05
2021-06-05 12:00:00,0,2021-06-05
2021-06-06 00:00:00,0,2021-06-06
2021-06-06 12:00:00,0,2021-06-06
2021-06-07 00:00:00,0,2021-06-07
2021-06-07 12:00:00,0,2021-06-07
2021-06-08 00:00:00,0,2021-06-08
2021-06-08 12:00:00,0,2021-06-08
2021-06-09 13:15:00,0,2021-06-09
2021-06-09 23:59:59,0,2021-06-09
2021-06-10 12:00:00,0,2021-06-10
2021-06-11 00:00:00,0,2021-06-11
2021-06-11 12:00:00,0,2021-06-11
2021-06-12 00:00:00,0,2021-06-12
2021-06-12 12:00:00,0,2021-06-12
2021-06-13 00:00:00,0,2021-06-13
2021-06-13 12:00:00,0,2021-06-13
2021-06-14 00:00:00,0,2021-06-14
2021-06-14 12:00:00,0,2021-06-14
2021-06-15 00:00:00,0,2021-06-15
2021-06-15 12:00:00,0,2021-06-15
2021-06-16 00:00:00,0,2021-06-16
2021-06-16 12:00:00,0,2021-06-16
2021-06-17 00:00:00,0,2021-06-17
2021-06-17 12:00:00,0,2021-06-17
2021-06-18 00:00:00,0,2021-06-18
2021-06-18 12:00:00,0,2021-06-18
2021-06-19 00:00:00,0,2021-06-19
2021-06-19 12:00:00,0,2021-06-19
2021-06-20 00:00:00,0,2021-06-20
2021-06-20 12:00:00,0,2021-06-20
2021-06-21 00:00:00,0,2021-06-21
2021-06-21 12:00:00,0,2021-06-21
2021-06-22 00:00:00,0,2021-06-22
2021-06-22 12:00:00,0,2021-06-22
2021-06-23 00:00:00,0,2021-06-23
2021-06-23 12:00:00,0,2021-06-23
2021-06-24 00:00:00,0,2021-06-24
2021-06-24 12:00:00,0,2021-06-24
2021-06-25 00:00:00,0,2021-06-25
2021-06-25 12:00:00,0,2021-06-25
2021-06-26 00:00:00,0,2021-06-26
2021-06-26 12:00:00,0,2021-06-26
2021-06-27 00:00:00,0,2021-06-27
2021-06-27 12:00:00,0,2021-06-27
2021-06-28 00:00:00,0,2021-06-28
2021-06-28 12:00:00,0,2021-06-28
2021-06-29 00:00:00,0,2021-06-29
2021-06-29 12:00:00,0,2021-06-29
2021-06-30 00:00:00,0,2021-06-30
2021-06-30 12:00:00,0,2021-06-30
2021-07-01 00:00:00,0,2021-07-01
2021-07-01 12:00:00,0,2021-07-01
2021-07-02 00:00:00,0,2021-07-02
2021-07-02 12:00:00,0,2021-07-02
2021-07-03 00:00:00,0,2021-07-03
2021-07-03 12:00:00,0,2021-07-03
2021-07-04 00:00:00,0,2021-07-04
2021-07-04 12:00:00,0,2021-07-04
2021-07-05 00:00:00,0,2021-07-05
2021-07-05 12:00:00,0,2021-07-05
2021-07-06 00:00:00,0,2021-07-06
2021-07-06 12:00:00,0,2021-07-06
2021-07-07 00:00:00,0,2021-07-07
2021-07-07 12:00:00,0,2021-07-07
2021-07-08 00:00:00,0,2021-07-08
2021-07-08 12:00:00,0,2021-07-08
2021-07-09 00:00:00,0,2021-07-09
2021-07-09 12:00:00,0,2021-07-09
2021-07-10 00:00:00,0,2021-07-10
2021-07-10 12:00:00,0,2021-07-10
2021-07-11 00:00:00,0,2021-07-11
2021-07-11 12:00:00,0,2021-07-11
2021-07-12 00:00:00,0,2021-07-12
2021-07-12 12:00:00,0,2021-07-12
2021-07-13 00:00:00,0,2021-07-13
2021-07-13 12:00:00,0,2021-07-13
2021-07-14 00:00:00,0,2021-07-14
2021-07-14 12:00:00,0,2021-07-14
2021-07-15 00:00:00,0,2021-07-15
2021-07-15 12:00:00,0,2021-07-15
2021-07-16 00:00:00,0,2021-07-16
2021-07-16 12:00:00,0,2021-07-16
2021-07-17 00:00:00,0,2021-07-17
2021-07-17 12:00:00,0,2021-07-17
2021-07-18 00:00:00,0,2021-07-18
2021-07-18 12:00:00,0,2021-07-18
2021-07-19 00:00:00,0,2021-07-19
2021-07-19 12:00:00,0,2021-07-19
2021-07-20 00:00:00,0,2021-07-20
2021-07-20 12:00:00,0,2021-07-20
2021-07-21 00:00:00,0,2021-07-21
2021-07-21 12:00:00,0,2021-07-21
2021-07-22 00:00:00,0,2021-07-22
2021-07-22 12:00:00,0,2021-07-22
2021-07-23 00:00:00,0,2021-07-23
2021-07-23 12:00:00,0,2021-07-23
2021-07-24 00:00:00,0,2021-07-24
2021-07-24 12:00:00,0,2021-07-24
2021-07-25 00:00:00,0,2021-07-25
2021-07-25 12:00:00,0,2021-07-25
2021-07-26 00:00:00,0,2021-07-26
2021-07-26 12:00:00,0,2021-07-26
2021-07-27 00:00:00,0,2021-07-27
2021-07-27 12:00:00,0,2021-07-27
2021-07-28 00:00:00,0,2021-07-28
2021-07-28 12:00:00,0,2021-07-28
2021-07-29 00:00:00,0,2021-07-29
2021-07-29 12:00:00,0,2021-07-29
2021-07-30 00:00:00,0,2021-07-30
2021-07-30 12:00:00,0,2021-07-30
2021-07-31 00:00:00,0,2021-07-31
2021-07-31 12:00:00,0,2021-07-31
2021-08-01 00:00:00,0,2021-08-01
2021-08-01 12:00:00,0,2021-08-01
2021-08-02 00:00:00,0,2021-08-02
2021-08-02 12:00:00,0,2021-08-02
2021-08-03 00:00:00,0,2021-08-03
2021-08-03 12:00:00,0,2021-08-03
2021-08-04 00:00:00,0,2021-08-04
2021-08-04 12:00:00,0,2021-08-04
2021-08-05 00:00:00,0,2021-08-05
2021-08-05 12:00:00,0,2021-08-05
2021-08-06 00:00:00,0,2021-08-06
2021-08-06 12:00:00,0,2021-08-06
2021-08-07 00:00:00,0,2021-08-07
2021-08-07 12:00:00,0,2021-08-07
2021-08-08 00:00:00,0,2021-08-08
2021-08-08 12:00:00,0,2021-08-08
2021-08-09 00:00:00,0,2021-08-09
2021-08-09 12:00:00,0,2021-08-09
2021-08-10 00:00:00,0,2021-08-10
2021-08-10 12:00:00,0,2021-08-10
2021-08-11 00:00:00,0,2021-08-11
2021-08-11 12:00:00,0,2021-08-11
2021-08-12 00:00:00,0,2021-08-12
2021-08-12 12:00:00,0,2021-08-12
2021-08-13 00:00:00,0,2021-08-13
2021-08-13 12:00:00,0,2021-08-13
2021-08-14 00:00:00,0,2021-08-14
2021-08-14 12:00:00,0,2021-08-14
2021-08-15 00:00:00,0,2021-08-15
2021-08-15 12:00:00,0,2021-08-15
2021-08-16 00:00:00,0,2021-08-16
2021-08-16 12:00:00,0,2021-08-16
2021-08-17 00:00:00,0,2021-08-17
2021-08-17 12:00:00,0,2021-08-17
2021-08-18 00:00:00,0,2021-08-18
2021-08-18 12:00:00,0,2021-08-18
2021-08-19 00:00:00,0,2021-08-19
2021-08-19 12:00:00,0,2021-08-19
2021-08-20 00:00:00,0,2021-08-20
2021-08-20 12:00:00,0,2021-08-20
2021-08-21 00:00:00,0,2021-08-21
2021-08-21 12:00:00,0,2021-08-21
2021-08-22 00:00:00,0,2021-08-22
2021-08-22 12:00:00,0,2021-08-22
2021-08-23 00:00:00,0,2021-08-23
2021-08-23 12:00:00,0,2021-08-23
2021-08-24 00:00:00,0,2021-08-24
2021-08-24 12:00:00,0,2021-08-24
2021-08-25 00:00:00,0,2021-08-25
2021-08-25 12:00:00,0,2021-08-25
2021-08-26 00:00:00,0,2021-08-26
2021-08-26 12:00:00,0,2021-08-26
2021-08-27 00:00:00,0,2021-08-27
2021-08-27 12:00:00,0,2021-08-27
2021-08-28 00:00:00,0,2021-08-28
2021-08-28 12:00:00,0,2021-08-28
2021-08-29 00:00:00,0,2021-08-29
2021-08-29 12:00:00,0,2021-08-29
2021-08-30 00:00:00,0,2021-08-30
2021-08-30 12:00:00,0,2021-08-30
2021-08-31 00:00:00,0,2021-08-31
2021-08-31 12:00:00,0,2021-08-31
2021-09-01 00:00:00,0,2021-09-01
2021-09-01 12:00:00,0,2021-09-01
2021-09-02 00:00:00,0,2021-09-02
2021-09-02 12:00:00,0,2021-09-02
2021-09-03 00:00:00,0,2021-09-03
2021-09-03 12:00:00,0,2021-09-03
2021-09-04 00:00:00,0,2021-09-04
2021-09-04 12:00:00,0,2021-09-04
2021-09-05 00:00:00,0,2021-09-05
2021-09-05 12:00:00,0,2021-09-05
2021-09-06 00:00:00,0,2021-09-06
2021-09-06 12:00:00,0,2021-09-06
2021-09-07 00:00:00,0,2021-09-07
2021-09-07 12:00:00,0,2021-09-07
2021-09-08 00:00:00,0,2021-09-08
2021-09-08 12:00:00,0,2021-09-08
2021-09-09 00:00:00,0,2021-09-09
2021-09-09 12:00:00,0,2021-09-09
2021-09-10 00:00:00,0,2021-09-10
2021-09-10 12:00:00,0,2021-09-10
2021-09-11 00:00:00,0,2021-09-11
2021-09-11 12:00:00,0,2021-09-11
2021-09-12 00:00:00,0,2021-09-12
2021-09-12 12:00:00,0,2021-09-12
2021-09-13 00:00:00,0,2021-09-13
2021-09-13 12:00:00,0,2021-09-13
2021-09-14 00:00:00,0,2021-09-14
2021-09-14 12:00:00,0,2021-09-14
2021-09-15 00:00:00,0,2021-09-15
2021-09-15 12:00:00,0,2021-09-15
2021-09-16 00:00:00,0,2021-09-16
2021-09-16 12:00:00,0,2021-09-16
2021-09-17 00:00:00,0,2021-09-17
2021-09-17 12:00:00,0,2021-09-17
2021-09-18 00:00:00,0,2021-09-18
2021-09-18 12:00:00,0,2021-09-18
2021-09-19 00:00:00,0,2021-09-19
2021-09-19 12:00:00,0,2021-09-19
2021-09-20 00:00:00,0,2021-09-20
2021-09-20 12:00:00,0,2021-09-20
2021-09-21 00:00:00,0,2021-09-21
2021-09-21 12:00:00,0,2021-09-21
2021-09-22 00:00:00,0,2021-09-22
2021-09-22 12:00:00,0,2021-09-22
2021-09-23 00:00:00,0,2021-09-23
2021-09-23 12:00:00,0,2021-09-23
2021-09-24 00:00:00,0,2021-09-24
2021-09-24 12:00:00,0,2021-09-24
2021-09-25 00:00:00,0,2021-09-25
2021-09-25 12:00:00,0,2021-09-25
2021-09-26 00:00:00,0,2021-09-26
2021-09-26 12:00:00,0,2021-09-26
2021-09-27 00:00:00,0,2021-09-27
2021-09-27 12:00:00,0,2021-09-27
2021-09-28 00:00:00,0,2021-09-28
2021-09-28 12:00:00,0,2021-09-28
2021-09-29 00:00:00,0,2021-09-29
2021-09-29 12:00:00,0,2021-09-29
2021-09-30 00:00:00,0,2021-09-30
2021-09-30 12:00:00,0,2021-09-30
2021-10-01 00:00:00,0,2021-10-01
2021-10-01 12:00:00,0,2021-10-01
2021-10-01 23:59:59,0,2021-10-01
2021-10-02 12:00:00,0,2021-10-02
2021-10-03 00:00:00,0,2021-10-03
2021-10-03 12:00:00,0,2021-10-03
2021-10-04 00:00:00,0,2021-10-04
2021-10-04 12:00:00,0,2021-10-04
2021-10-05 00:00:00,0,2021-10-05
2021-10-05 12:00:00,0,2021-10-05
2021-10-06 00:00:00,0,2021-10-06
2021-10-06 12:00:00,0,2021-10-06
2021-10-07 00:00:00,0,2021-10-07
2021-10-07 12:00:00,0,2021-10-07
2021-10-08 00:00:00,0,2021-10-08
2021-10-08 12:00:00,0,2021-10-08
2021-10-09 00:00:00,0,2021-10-09
2021-10-09 12:00:00,0,2021-10-09
2021-10-10 00:00:00,0,2021-10-10
2021-10-10 12:00:00,0,2021-10-10
2021-10-11 00:00:00,0,2021-10-11
2021-10-11 12:00:00,0,2021-10-11
2021-10-12 00:00:00,0,2021-10-12
2021-10-12 12:00:00,0,2021-10-12
2021-10-13 00:00:00,0,2021-10-13
2021-10-13 12:00:00,0,2021-10-13
2021-10-14 00:00:00,0,2021-10-14
2021-10-14 12:00:00,0,2021-10-14
2021-10-15 00:00:00,0,2021-10-15
2021-10-15 12:00:00,0,2021-10-15
2021-10-16 00:00:00,0,2021-10-16
2021-10-16 12:00:00,0,2021-10-16
2021-10-17 00:00:00,0,2021-10-17
2021-10-17 12:00:00,0,2021-10-17
2021-10-18 00:00:00,0,2021-10-18
2021-10-18 12:00:00,0,2021-10-18
2021-10-19 00:00:00,0,2021-10-19
2021-10-19 12:00:00,0,2021-10-19
2021-10-20 00:00:00,0,2021-10-20
2021-10-20 12:00:00,0,2021-10-20
2021-10-21 00:00:00,0,2021-10-21
2021-10-21 12:00:00,0,2021-10-21
2021-10-22 00:00:00,0,2021-10-22
2021-10-22 12:00:00,0,2021-10-22
2021-10-23 00:00:00,0,2021-10-23
2021-10-23 12:00:00,0,2021-10-23
2021-10-24 00:00:00,0,2021-10-24
2021-10-24 12:00:00,0,2021-10-24
2021-10-25 00:00:00,0,2021-10-25
2021-10-25 12:00:00,0,2021-10-25
2021-10-26 00:00:00,0,2021-10-26
2021-10-26 12:00:00,0,2021-10-26
2021-10-27 00:00:00,0,2021-10-27
2021-10-27 12:00:00,0,2021-10-27
2021-10-28 16:30:00,0,2021-10-28
2021-10-28 23:59:59,0,2021-10-28
2021-10-29 00:00:00,0,2021-10-29
2021-10-29 07:34:11,0,2021-10-29
2021-10-29 08:19:29,0.0954480942093904,2021-10-29
2021-10-29 08:21:45,0.100876227525786,2021-10-29
2021-10-29 08:37:37,0.135899092618222,2021-10-29
2021-10-29 08:48:57,0.160561369098256,2021-10-29
2021-10-29 08:59:10,0.17581792564484,2021-10-29
2021-10-29 09:06:00,0.179710375084302,2021-10-29
2021-10-29 09:17:23,0.184049852728386,2021-10-29
2021-10-29 09:42:27,0.191217449047503,2021-10-29
2021-10-29 09:56:08,0.191567177620591,2021-10-29
2021-10-29 10:18:56,0.192810962602923,2021-10-29
2021-10-29 10:40:36,0.193075553998419,2021-10-29
2021-10-29 11:10:14,0.195733398318268,2021-10-29
2021-10-29 11:37:35,0.198415567546,2021-10-29
2021-10-29 12:01:31,0.201134224135558,2021-10-29
2021-10-29 12:26:36,0.200866650148839,2021-10-29
2021-10-29 12:51:42,0.200103398141732,2021-10-29
2021-10-29 13:17:55,0.198832305660294,2021-10-29
2021-10-29 13:45:17,0.198540406765692,2021-10-29
2021-10-29 14:10:22,0.198272832778974,2021-10-29
2021-10-29 14:26:20,0.198102558423789,2021-10-29
2021-10-29 14:51:25,0.199817696518627,2021-10-29
2021-10-29 15:29:02,0.200407691579328,2021-10-29
2021-10-29 16:06:40,0.20000633059925,2021-10-29
2021-10-29 16:34:02,0.200210109725037,2021-10-29
2021-10-29 17:07:06,0.200353076581116,2021-10-29
2021-10-29 17:13:56,0.200280101857465,2021-10-29
2021-10-29 17:21:56,0.195238184475983,2021-10-29
2021-10-29 17:27:39,0.190716270022773,2021-10-29
2021-10-29 17:39:03,0.189107611422189,2021-10-29
2021-10-29 18:14:24,0.186747863268438,2021-10-29
2021-10-29 18:34:56,0.186528939097487,2021-10-29
2021-10-29 19:13:42,0.186115415663468,2021-10-29
2021-10-29 20:48:20,0.184610253965914,2021-10-29
2021-10-29 21:38:30,0.183579427972089,2021-10-29
2021-10-29 23:02:53,0.1826794063804,2021-10-29
2021-10-29 23:59:59,0.181874009474995,2021-10-29
2021-10-30 00:00:00,0.181859657287788,2021-10-30
2021-10-30 01:17:25,0.180748558794885,2021-10-30
2021-10-30 03:21:43,0.177440139233679,2021-10-30
2021-10-30 05:11:11,0.175281187614494,2021-10-30
2021-10-30 08:18:11,0.171799511106881,2021-10-30
2021-10-30 12:14:12,0.167299171059384,2021-10-30
2021-10-30 15:25:46,0.162281810674837,2021-10-30
2021-10-30 17:43:45,0.15882744166633,2021-10-30
2021-10-30 20:43:54,0.155914417902757,2021-10-30
2021-10-30 23:26:57,0.154175186989088,2021-10-30
2021-10-30 23:59:59,0.153309531288052,2021-10-30
2021-10-31 00:00:00,0.153282521749798,2021-10-31
2021-10-31 01:58:36,0.150079190512891,2021-10-31
2021-10-31 04:58:46,0.14567913268815,2021-10-31
2021-10-31 08:32:00,0.140926363699099,2021-10-31
2021-10-31 11:35:34,0.138968208614479,2021-10-31
2021-10-31 16:04:40,0.132628123341505,2021-10-31
2021-10-31 18:59:07,0.130271589868029,2021-10-31
2021-10-31 23:37:20,0.127303951106244,2021-10-31
2021-10-31 23:59:59,0.126700379625027,2021-10-31
2021-11-01 00:00:00,0.12667252247974,2021-11-01
2021-11-01 02:59:10,0.121681450615832,2021-11-01
2021-11-01 03:50:28,0.123612530290399,2021-11-01
2021-11-01 12:13:18,0.116266176020534,2021-11-01
2021-11-01 18:51:14,0.111030123554088,2021-11-01
2021-11-01 23:59:59,0.105758885458458,2021-11-01
2021-11-02 00:00:00,0.105741758073765,2021-11-02
2021-11-02 03:48:17,0.101831861604804,2021-11-02
2021-11-02 09:22:22,0.0982682625998739,2021-11-02
2021-11-02 15:38:39,0.0922719407175428,2021-11-02
2021-11-02 20:07:44,0.0903929576280696,2021-11-02
2021-11-02 23:59:59,0.0874945539047574,2021-11-02
2021-11-03 00:00:00,0.0874820211702951,2021-11-03
2021-11-03 00:33:24,0.0870634278392546,2021-11-03
2021-11-03 02:25:09,0.0848801513121857,2021-11-03
2021-11-03 10:53:41,0.0789600188337797,2021-11-03
2021-11-03 13:57:16,0.074523473647214,2021-11-03
2021-11-03 15:38:45,0.0744323712871769,2021-11-03
2021-11-03 18:38:54,0.0725107035643816,2021-11-03
2021-11-03 21:43:37,0.0710360640462084,2021-11-03
2021-11-03 23:59:59,0.0691968666605941,2021-11-03
2021-11-04 00:00:00,0.069183281551258,2021-11-04
2021-11-04 00:33:30,0.0687281803884998,2021-11-04
2021-11-04 03:55:20,0.0650883919796443,2021-11-04
2021-11-04 06:34:57,0.0648726824889675,2021-11-04
2021-11-04 13:16:19,0.058113108599529,2021-11-04
2021-11-04 20:31:53,0.0529713731733944,2021-11-04
2021-11-04 23:59:59,0.0507621059565972,2021-11-04
2021-11-05 00:00:00,0.0507514391799812,2021-11-05
2021-11-05 04:04:33,0.0481428789585227,2021-11-05
2021-11-05 08:33:38,0.0437855057671043,2021-11-05
2021-11-05 11:48:37,0.0431927602042335,2021-11-05
2021-11-05 13:25:32,0.0411675955784073,2021-11-05
2021-11-05 14:16:50,0.0406202851510289,2021-11-05
2021-11-05 15:15:00,0.04,2021-11-05
2021-11-05 15:15:00,0.04,2021-11-05
2021-11-05 23:59:59,0.0396529687660448,2021-11-05
2021-11-06 00:00:00,0.0396523064926976,2021-11-06
2021-11-06 01:24:47,0.0395961567507405,2021-11-06
2021-11-06 15:28:53,0.0373429313008175,2021-11-06
2021-11-06 23:59:59,0.0355402747563932,2021-11-06
2021-11-07 00:00:00,0.0355367409441062,2021-11-07
2021-11-07 03:41:18,0.034754708285013,2021-11-07
2021-11-07 09:46:58,0.0342123504119203,2021-11-07
2021-11-07 16:56:07,0.0325745550036204,2021-11-07
2021-11-07 23:42:17,0.0324727433842868,2021-11-07
2021-11-07 23:59:59,0.0324945593424205,2021-11-07
2021-11-08 00:00:00,0.0324958643847814,2021-11-08
2021-11-08 05:41:23,0.0329413840960995,2021-11-08
2021-11-08 10:24:56,0.0320201853560069,2021-11-08
2021-11-08 14:56:26,0.0331193599597576,2021-11-08
2021-11-08 23:59:59,0.0317950260485749,2021-11-08
2021-11-09 00:00:00,0.0317925851800282,2021-11-09
2021-11-09 08:21:58,0.0305673505318436,2021-11-09
2021-11-09 14:37:29,0.0305110060395954,2021-11-09
2021-11-09 17:34:50,0.0297473184183352,2021-11-09
2021-11-09 21:18:10,0.0299166857355479,2021-11-09
2021-11-09 23:59:59,0.0300778334994925,2021-11-09
2021-11-10 00:00:00,0.0300788354545015,2021-11-10
2021-11-10 00:39:37,0.0301185295721073,2021-11-10
2021-11-10 08:11:46,0.0299485172621451,2021-11-10
2021-11-10 13:52:15,0.0289428795717508,2021-11-10
2021-11-10 17:21:21,0.0281321009974376,2021-11-10
2021-11-10 20:55:56,0.0283144589223889,2021-11-10
2021-11-10 21:49:34,0.0282348914499891,2021-11-10
2021-11-10 22:13:39,0.0322041897951128,2021-11-10
2021-11-10 22:55:14,0.0406531572557147,2021-11-10
2021-11-10 23:30:15,0.0461081007848168,2021-11-10
2021-11-10 23:48:51,0.0495848904452266,2021-11-10
2021-11-10 23:59:59,0.0491984791002354,2021-11-10
2021-11-11 00:00:00,0.0491604090169851,2021-11-11
2021-11-11 00:16:13,0.0485430391669417,2021-11-11
2021-11-11 01:00:00,0.0499799695719,2021-11-11
2021-11-11 01:40:31,0.0524230270838616,2021-11-11
2021-11-11 02:08:58,0.0538826910523625,2021-11-11
2021-11-11 02:16:38,0.0553732077142431,2021-11-11
2021-11-11 02:27:34,0.0568588528982215,2021-11-11
2021-11-11 02:41:48,0.0578389987897473,2021-11-11
2021-11-11 03:17:56,0.0572847847182743,2021-11-11
2021-11-11 04:21:26,0.057691230626719,2021-11-11
2021-11-11 05:08:30,0.0571207782955727,2021-11-11
2021-11-11 05:20:33,0.0576035440244825,2021-11-11
2021-11-11 05:40:15,0.0590761986007224,2021-11-11
2021-11-11 06:06:31,0.0590372267775061,2021-11-11
2021-11-11 06:51:25,0.0594712777273956,2021-11-11
2021-11-11 08:40:53,0.0593088951306613,2021-11-11
2021-11-11 09:58:37,0.0596942313015306,2021-11-11
2021-11-11 10:52:16,0.0601152916436814,2021-11-11
2021-11-11 11:17:27,0.0590766880173313,2021-11-11
2021-11-11 11:51:23,0.0600276050414448,2021-11-11
2021-11-11 23:59:59,NA,2021-11-11
2021-11-12 12:00:00,NA,2021-11-12
2021-11-13 00:00:00,NA,2021-11-13
2021-11-13 12:00:00,NA,2021-11-13
2021-11-14 00:00:00,NA,2021-11-14
2021-11-14 12:00:00,NA,2021-11-14
2021-11-15 00:00:00,NA,2021-11-15
2021-11-15 12:00:00,NA,2021-11-15
2021-11-16 00:00:00,NA,2021-11-16
2021-11-16 12:00:00,NA,2021-11-16
2021-11-17 00:00:00,NA,2021-11-17
2021-11-17 12:00:00,NA,2021-11-17
2021-11-18 00:00:00,NA,2021-11-18
2021-11-18 12:00:00,NA,2021-11-18
2021-11-19 00:00:00,NA,2021-11-19
2021-11-19 12:00:00,NA,2021-11-19
2021-11-20 00:00:00,NA,2021-11-20
2021-11-20 12:00:00,NA,2021-11-20
2021-11-21 00:00:00,NA,2021-11-21
2021-11-21 12:00:00,NA,2021-11-21
2021-11-22 00:00:00,NA,2021-11-22
2021-11-22 12:00:00,NA,2021-11-22
2021-11-23 00:00:00,NA,2021-11-23
2021-11-23 12:00:00,NA,2021-11-23
2021-11-24 00:00:00,NA,2021-11-24
2021-11-24 12:00:00,NA,2021-11-24
2021-11-25 00:00:00,NA,2021-11-25
2021-11-25 12:00:00,NA,2021-11-25
2021-11-26 00:00:00,NA,2021-11-26
2021-11-26 12:00:00,NA,2021-11-26
2021-11-27 00:00:00,NA,2021-11-27
2021-11-27 12:00:00,NA,2021-11-27
2021-11-28 00:00:00,NA,2021-11-28
2021-11-28 12:00:00,NA,2021-11-28
2021-11-29 00:00:00,NA,2021-11-29
2021-11-29 12:00:00,NA,2021-11-29
2021-11-30 00:00:00,NA,2021-11-30
2021-11-30 12:00:00,NA,2021-11-30
2021-12-01 00:00:00,NA,2021-12-01
2021-12-01 12:00:00,NA,2021-12-01
2021-12-02 00:00:00,NA,2021-12-02
2021-12-02 12:00:00,NA,2021-12-02
2021-12-03 00:00:00,NA,2021-12-03
2021-12-03 12:00:00,NA,2021-12-03
2021-12-04 00:00:00,NA,2021-12-04
2021-12-04 12:00:00,NA,2021-12-04
2021-12-05 00:00:00,NA,2021-12-05
2021-12-05 12:00:00,NA,2021-12-05
2021-12-06 00:00:00,NA,2021-12-06
2021-12-06 12:00:00,NA,2021-12-06
2021-12-07 00:00:00,NA,2021-12-07
2021-12-07 12:00:00,NA,2021-12-07
2021-12-08 00:00:00,NA,2021-12-08
2021-12-08 12:00:00,NA,2021-12-08
2021-12-09 00:00:00,NA,2021-12-09
2021-12-09 12:00:00,NA,2021-12-09
2021-12-10 00:00:00,NA,2021-12-10
2021-12-10 12:00:00,NA,2021-12-10
2021-12-11 00:00:00,NA,2021-12-11
2021-12-11 12:00:00,NA,2021-12-11
2021-12-12 00:00:00,NA,2021-12-12
2021-12-12 12:00:00,NA,2021-12-12
2021-12-13 00:00:00,NA,2021-12-13
2021-12-13 12:00:00,NA,2021-12-13
2021-12-14 00:00:00,NA,2021-12-14
2021-12-14 12:00:00,NA,2021-12-14
2021-12-15 00:00:00,NA,2021-12-15
2021-12-15 12:00:00,NA,2021-12-15
2021-12-16 00:00:00,NA,2021-12-16
2021-12-16 12:00:00,NA,2021-12-16
2021-12-17 00:00:00,NA,2021-12-17
2021-12-17 12:00:00,NA,2021-12-17
2021-12-18 00:00:00,NA,2021-12-18
2021-12-18 12:00:00,NA,2021-12-18
2021-12-19 00:00:00,NA,2021-12-19
2021-12-19 12:00:00,NA,2021-12-19
2021-12-20 00:00:00,NA,2021-12-20
2021-12-20 12:00:00,NA,2021-12-20
2021-12-21 00:00:00,NA,2021-12-21
2021-12-21 12:00:00,NA,2021-12-21
2021-12-22 00:00:00,NA,2021-12-22
2021-12-22 12:00:00,NA,2021-12-22
2021-12-23 00:00:00,NA,2021-12-23
2021-12-23 12:00:00,NA,2021-12-23
2021-12-24 00:00:00,NA,2021-12-24
2021-12-24 12:00:00,NA,2021-12-24
2021-12-25 00:00:00,NA,2021-12-25
2021-12-25 12:00:00,NA,2021-12-25
2021-12-26 00:00:00,NA,2021-12-26
2021-12-26 12:00:00,NA,2021-12-26
2021-12-27 00:00:00,NA,2021-12-27
2021-12-27 12:00:00,NA,2021-12-27
2021-12-28 00:00:00,NA,2021-12-28
2021-12-28 12:00:00,NA,2021-12-28
2021-12-29 13:20:00,0.0305764,2021-12-29
2021-12-29 19:25:15,0.0311625158206138,2021-12-29
2021-12-29 23:59:59,0.0300347280055737,2021-12-29
2021-12-30 00:00:00,0.0300306082327333,2021-12-30
2021-12-30 03:05:57,0.0292645364730741,2021-12-30
2021-12-30 21:56:02,0.0285245871831069,2021-12-30
2021-12-30 23:59:59,0.028169470872231,2021-12-30
2021-12-31 00:00:00,0.0281665829651216,2021-12-31
2021-12-31 08:38:37,0.0266688662064436,2021-12-31
2021-12-31 09:15:53,0.0271787784074442,2021-12-31
2021-12-31 13:06:58,0.0267312146224907,2021-12-31
2021-12-31 13:35:18,0.0267377958441846,2021-12-31
2021-12-31 19:43:33,0.0258208463286613,2021-12-31
2021-12-31 23:59:59,0.0255447063984554,2021-12-31
2022-01-01 00:00:00,0.0255436254044049,2022-01-01
2022-01-01 02:05:13,0.025408266932712,2022-01-01
2022-01-01 07:34:41,0.0269885750287298,2022-01-01
2022-01-01 14:21:42,0.027083136793068,2022-01-01
2022-01-01 19:49:41,0.027660593111453,2022-01-01
2022-01-01 23:59:59,0.0277185161398069,2022-01-01
2022-01-02 00:00:00,0.0277187484669478,2022-01-02
2022-01-02 01:53:28,0.0277451098532058,2022-01-02
2022-01-02 06:14:22,0.0273044736700354,2022-01-02
2022-01-02 10:48:41,0.0283707130039827,2022-01-02
2022-01-02 16:25:38,0.027947742205359,2022-01-02
2022-01-02 23:46:56,0.0280502707117477,2022-01-02
2022-01-02 23:59:59,0.0280936452083788,2022-01-02
2022-01-03 00:00:00,0.0280972397799228,2022-01-03
2022-01-03 07:14:11,0.0296579428348084,2022-01-03
2022-01-03 10:59:19,0.0297102462282702,2022-01-03
2022-01-03 14:59:21,0.0267584972299926,2022-01-03
2022-01-03 22:44:31,0.0238590516251766,2022-01-03
2022-01-03 23:59:59,0.0237529962328492,2022-01-03
2022-01-04 00:00:00,0.0237515723519945,2022-01-04
2022-01-04 03:47:10,0.0234281140845025,2022-01-04
2022-01-04 08:30:26,0.0239951790002129,2022-01-04
2022-01-04 14:08:52,0.024575059979222,2022-01-04
2022-01-04 18:20:49,0.0241323455155166,2022-01-04
2022-01-04 21:34:38,0.0236761222283345,2022-01-04
2022-01-04 23:59:59,0.0233244402577106,2022-01-04
2022-01-05 00:00:00,0.0233220042246654,2022-01-05
2022-01-05 00:42:29,0.0232185134207956,2022-01-05
2022-01-05 06:35:50,0.0227993528031525,2022-01-05
2022-01-05 12:33:38,0.022381231325777,2022-01-05
2022-01-05 17:34:48,0.0219499474050136,2022-01-05
2022-01-05 23:59:59,0.0210752564730988,2022-01-05
2022-01-06 00:00:00,0.0210729798178882,2022-01-06
2022-01-06 00:14:22,0.0210402718713625,2022-01-06
2022-01-06 05:49:48,0.0211182073914214,2022-01-06
2022-01-06 10:46:29,0.022189642426706,2022-01-06
2022-01-06 16:13:00,0.0202604888711427,2022-01-06
2022-01-06 20:38:23,0.0198208918282397,2022-01-06
2022-01-06 23:44:44,0.0208666947369273,2022-01-06
2022-01-06 23:59:59,0.0208937557576879,2022-01-06
2022-01-07 00:00:00,0.0208956525582085,2022-01-07
2022-01-07 04:45:53,0.0214379162137076,2022-01-07
2022-01-07 08:23:34,0.0194834769116363,2022-01-07
2022-01-07 20:10:15,0.0171413975800347,2022-01-07
2022-01-07 23:59:59,0.0196755012075409,2022-01-07
2022-01-08 00:00:00,0.0196865792561857,2022-01-08
2022-01-08 00:01:20,0.0197013499877122,2022-01-08
2022-01-08 09:27:52,0.0178279636265022,2022-01-08
2022-01-08 14:14:07,0.0173932159048473,2022-01-08
2022-01-08 22:49:58,0.0150067999218345,2022-01-08
2022-01-08 23:59:59,0.0146544574485255,2022-01-08
2022-01-09 00:00:00,0.0146493535015437,2022-01-09
2022-01-09 00:23:54,0.0145273691686791,2022-01-09
2022-01-09 02:03:46,0.0185605982248268,2022-01-09
2022-01-09 08:58:14,0.020661902684698,2022-01-09
2022-01-09 10:53:01,0.0211898266503344,2022-01-09
2022-01-09 15:07:58,0.0192440468504919,2022-01-09
2022-01-09 22:03:56,0.0178369287990496,2022-01-09
2022-01-09 23:59:59,0.0175385660875234,2022-01-09
2022-01-10 00:00:00,0.0175359731323248,2022-01-10
2022-01-10 03:58:46,0.0169168618627239,2022-01-10
2022-01-10 09:26:46,0.0164918127835652,2022-01-10
2022-01-10 13:00:00,0.0164707,2022-01-10
2022-01-10 13:00:00,0.0164707,2022-01-10
2022-01-10 16:53:01,0.0174053048499411,2022-01-10
2022-01-10 23:59:59,0.015605632549145,2022-01-10
2022-01-11 00:00:00,0.0156014078009918,2022-01-11
2022-01-11 00:45:04,0.0154110124842207,2022-01-11
2022-01-11 09:59:16,0.014419400683807,2022-01-11
2022-01-11 22:32:08,0.0119293673754203,2022-01-11
2022-01-11 23:59:59,0.0115348154959917,2022-01-11
2022-01-12 00:00:00,0.0115302734559369,2022-01-12
2022-01-12 02:11:44,0.0109319353793822,2022-01-12
2022-01-12 05:33:23,0.011436068836275,2022-01-12
2022-01-12 05:45:20,0.0114362767004044,2022-01-12
2022-01-12 06:03:16,0.0109359627468903,2022-01-12
2022-01-12 06:34:38,0.01093650839023,2022-01-12
2022-01-12 09:42:51,0.0109397822502688,2022-01-12
2022-01-12 11:57:18,0.00994086922230835,2022-01-12
2022-01-12 17:22:57,0.0099465335198357,2022-01-12
2022-01-12 21:18:58,0.00844876158726729,2022-01-12
2022-01-12 23:59:59,0.00903240575600766,2022-01-12
2022-01-13 00:00:00,0.00903605277226723,2022-01-13
2022-01-13 04:12:45,0.00995783613187437,2022-01-13
2022-01-13 10:17:13,0.0109654274872394,2022-01-13
2022-01-13 23:59:59,0.0125204642802981,2022-01-13
2022-01-14 00:00:00,0.0125223565513262,2022-01-14
2022-01-14 15:13:00,0.01425,2022-01-14
2022-01-14 15:13:00,0.01425,2022-01-14
2022-01-14 17:02:01,0.0154992571537513,2022-01-14
2022-01-14 23:59:59,0.0149019546167102,2022-01-14
2022-01-15 00:00:00,0.0149005221792737,2022-01-15
2022-01-15 10:48:23,0.0139717536194387,2022-01-15
2022-01-15 21:18:38,0.0129553560551196,2022-01-15
2022-01-15 23:59:59,0.0132124598924249,2022-01-15
2022-01-16 00:00:00,0.0132140631173509,2022-01-16
2022-01-16 02:26:17,0.0134485882036145,2022-01-16
2022-01-16 18:01:13,0.0129254945702059,2022-01-16
2022-01-16 23:59:59,0.0129168965676937,2022-01-16
2022-01-17 00:00:00,0.0129168725363828,2022-01-17
2022-01-17 05:40:11,0.0129086974849421,2022-01-17
2022-01-17 12:47:19,0.0113965553875803,2022-01-17
2022-01-17 20:58:40,0.0103834957055892,2022-01-17
2022-01-17 23:59:59,0.0105518686960758,2022-01-17
2022-01-18 00:00:00,0.010552802372548,2022-01-18
2022-01-18 05:41:24,0.0108715595201568,2022-01-18
2022-01-18 13:37:49,0.0103594844875518,2022-01-18
2022-01-18 20:36:00,0.0103494349493596,2022-01-18
2022-01-18 23:59:59,0.00991927967901337,2022-01-18
2022-01-19 00:00:00,0.00991716068753383,2022-01-19
2022-01-19 00:34:58,0.00984306661879932,2022-01-19
2022-01-19 23:59:59,0.00673823705681652,2022-01-19
2022-01-20 00:00:00,0.00673602569225112,2022-01-20
2022-01-20 07:05:58,0.00579405809954016,2022-01-20
2022-01-20 18:59:52,0.0067781535768132,2022-01-20
2022-01-20 23:59:59,0.00677096498873029,2022-01-20
2022-01-21 00:00:00,0.00677094095734601,2022-01-21
2022-01-21 05:06:14,0.00676358174643474,2022-01-21
2022-01-21 13:13:07,0.00775313268729774,2022-01-21
2022-01-21 22:57:04,0.0062372220131138,2022-01-21
2022-01-21 23:59:59,0.00613780631346474,2022-01-21
2022-01-22 00:00:00,0.0061362011084112,2022-01-22
2022-01-22 04:13:41,0.00572898733974642,2022-01-22
2022-01-22 23:53:33,0.00620125902286925,2022-01-22
2022-01-22 23:59:59,0.00623059252858416,2022-01-22
2022-01-23 00:00:00,0.00623597482321075,2022-01-23
2022-01-23 07:36:33,0.00869326143498036,2022-01-23
2022-01-23 14:28:45,0.00768210398700445,2022-01-23
2022-01-23 22:13:14,0.00867219329598479,2022-01-23
2022-01-23 23:59:59,0.00878149306477331,2022-01-23
2022-01-24 00:00:00,0.00878252646945772,2022-01-24
2022-01-24 06:06:40,0.00916144152041066,2022-01-24
2022-01-24 10:32:31,0.0086544271481095,2022-01-24
2022-01-24 23:59:59,0.00790898511758747,2022-01-24
2022-01-25 00:00:00,0.00790806080582589,2022-01-25
2022-01-25 14:20:45,0.00711245945704187,2022-01-25
2022-01-25 23:59:59,0.00622936384114369,2022-01-25
2022-01-26 00:00:00,0.00622783665460517,2022-01-26
2022-01-26 01:26:51,0.00609520050373486,2022-01-26
2022-01-26 10:12:33,0.00608256679857913,2022-01-26
2022-01-26 14:10:01,0.00557623435922663,2022-01-26
2022-01-26 17:49:34,0.00607158408898349,2022-01-26
2022-01-26 18:20:56,0.00657145611092664,2022-01-26
2022-01-26 23:31:35,0.00606336500239069,2022-01-26
2022-01-26 23:59:59,0.00598976609104773,2022-01-26
2022-01-27 00:00:00,0.00598708163227534,2022-01-27
2022-01-27 05:47:56,0.00505306894340263,2022-01-27
2022-01-27 09:36:26,0.0035457003766819,2022-01-27
2022-01-27 20:54:29,0.00252815429371223,2022-01-27
2022-01-27 23:59:59,0.0032401353596209,2022-01-27
2022-01-28 00:00:00,0.00324399398702173,2022-01-28
2022-01-28 03:21:18,0.00402073568280756,2022-01-28
2022-01-28 09:37:40,0.00351106536112703,2022-01-28
2022-01-28 13:03:46,0.00250486089983138,2022-01-28
2022-01-28 16:00:00,0.002508,2022-01-28
2022-01-28 16:00:00,0.002508,2022-01-28
2022-01-28 23:59:59,0.00253815143065275,2022-01-28
2022-01-29 00:00:00,0.00253821437727206,2022-01-29
2022-01-29 17:02:05,0.00260255106776544,2022-01-29
2022-01-29 23:59:59,0.0025109928089348,2022-01-29
2022-01-30 00:00:00,0.00251077320087844,2022-01-30
2022-01-30 23:05:12,0.00220657212120895,2022-01-30
2022-01-30 23:59:59,0.00229356518405491,2022-01-30
2022-01-31 00:00:00,0.00229518215548328,2022-01-31
2022-01-31 09:47:28,0.00324509897059931,2022-01-31
2022-01-31 20:49:06,0.00478537601646825,2022-01-31
2022-01-31 22:39:23,0.0042911500217422,2022-01-31
2022-01-31 23:43:27,0.00479549477054907,2022-01-31
2022-01-31 23:59:59,0.00542951666559703,2022-01-31
2022-02-01 00:00:00,0.00547028977781876,2022-02-01
2022-02-01 00:32:38,0.006800852339988,2022-02-01
2022-02-01 07:41:48,0.00582450826140202,2022-02-01
2022-02-01 16:36:47,0.00635618229473481,2022-02-01
2022-02-01 20:05:24,0.00336453486278415,2022-02-01
2022-02-01 23:59:59,0.00197660729500643,2022-02-01
2022-02-02 00:00:00,0.00197066582425396,2022-02-02
2022-02-02 00:15:44,0.00187718668441505,2022-02-02
2022-02-02 08:31:57,0,2022-02-02
2022-02-02 21:19:24,0.000448648358823355,2022-02-02
2022-02-02 23:59:59,0.000191814709021311,2022-02-02
2022-02-03 00:00:00,0.000190205475626561,2022-02-03
2022-02-03 07:19:56,0,2022-02-03
2022-02-03 23:59:59,0,2022-02-03
2022-02-04 12:00:00,0,2022-02-04
2022-02-05 00:00:00,0,2022-02-05
2022-02-05 12:00:00,0,2022-02-05
2022-02-06 00:00:00,0,2022-02-06
2022-02-06 12:00:00,0,2022-02-06
2022-02-07 00:00:00,0,2022-02-07
2022-02-07 12:00:00,0,2022-02-07
2022-02-08 00:00:00,0,2022-02-08
2022-02-08 12:00:00,0,2022-02-08
2022-02-09 00:00:00,0,2022-02-09
2022-02-09 12:00:00,0,2022-02-09
2022-02-10 00:00:00,0,2022-02-10
2022-02-10 12:00:00,0,2022-02-10
2022-02-11 00:00:00,0,2022-02-11
2022-02-11 12:00:00,0,2022-02-11
2022-02-12 00:00:00,0,2022-02-12
2022-02-12 12:00:00,0,2022-02-12
2022-02-13 00:00:00,0,2022-02-13
2022-02-13 12:00:00,0,2022-02-13
2022-02-14 00:00:00,0,2022-02-14
2022-02-14 12:00:00,0,2022-02-14
2022-02-15 00:00:00,0,2022-02-15
2022-02-15 12:00:00,0,2022-02-15
2022-02-16 00:00:00,0,2022-02-16
2022-02-16 12:00:00,0,2022-02-16
2022-02-17 00:00:00,0,2022-02-17
2022-02-17 12:00:00,0,2022-02-17
2022-02-18 00:00:00,0,2022-02-18
2022-02-18 12:00:00,0,2022-02-18
2022-02-19 00:00:00,0,2022-02-19
2022-02-19 12:00:00,0,2022-02-19
2022-02-20 00:00:00,0,2022-02-20
2022-02-20 12:00:00,0,2022-02-20
2022-02-21 00:00:00,0,2022-02-21
2022-02-21 12:00:00,0,2022-02-21
2022-02-22 00:00:00,0,2022-02-22
2022-02-22 12:00:00,0,2022-02-22
2022-02-23 00:00:00,0,2022-02-23
2022-02-23 12:00:00,0,2022-02-23
2022-02-24 00:00:00,0,2022-02-24
2022-02-24 12:00:00,0,2022-02-24
2022-02-25 00:00:00,0,2022-02-25
2022-02-25 12:00:00,0,2022-02-25
2022-02-26 00:00:00,0,2022-02-26
2022-02-26 12:00:00,0,2022-02-26
2022-02-27 00:00:00,0,2022-02-27
2022-02-27 12:00:00,0,2022-02-27
2022-02-28 00:00:00,0,2022-02-28
2022-02-28 12:00:00,0,2022-02-28
